,Account,Compound,Created Date,Negative,Neutral,Positive,Tweet Text,Tweets Ago
0,@BBC,0.128,Sun Mar 25 19:44:01 +0000 2018,0.077,0.821,0.101,"Could this be an answer to global water shortages? ?? This machine creates water out of thin air. 

https://t.co/caz4nXMJg5",1
1,@BBC,-0.7506,Sun Mar 25 19:15:06 +0000 2018,0.286,0.714,0.0,"Tonight, @regyates meets people whose lives have been devastated by the Grenfell fire. 

Reggie Yates: Searching fo… https://t.co/HPgtcZuHte",2
2,@BBC,0.5719,Sun Mar 25 18:40:04 +0000 2018,0.0,0.837,0.163,"Tonight, @mcgregor_ewan and @McgColin celebrate the centenary of the Royal Air Force. 

RAF at 100 with Ewan and Co… https://t.co/nF2iwBP51b",3
3,@BBC,0.0,Sun Mar 25 18:13:03 +0000 2018,0.0,1.0,0.0,The first ever statue of David Bowie has been unveiled in the town where he debuted Ziggy Stardust. ??… https://t.co/lFgROYVkv1,4
4,@BBC,0.5267,Sun Mar 25 17:30:07 +0000 2018,0.0,0.815,0.185,"When you're enjoying being single and people just can't deal with it. ?? @kathbum #LiveAtTheApollo 

https://t.co/byHMHWyhPq",5
5,@BBC,0.4588,Sun Mar 25 15:03:03 +0000 2018,0.0,0.833,0.167,"????? Welcome to Tangier Island, the tiny US island where people speak with a British accent.… https://t.co/1RoM285gRJ",6
6,@BBC,0.0,Sun Mar 25 14:30:02 +0000 2018,0.0,1.0,0.0,"? We could listen to him speak all day. 

? Sir David Attenborough's voice was just as iconic in the 60s as it is t… https://t.co/zYi3oK5C13",7
7,@BBC,0.1779,Sun Mar 25 14:09:03 +0000 2018,0.0,0.909,0.091,"Predictions suggest a build-up of about 80,000 tonnes of plastic in the Pacific Ocean is growing rapidly. ????… https://t.co/uKD9BQWmUi",8
8,@BBC,0.5574,Sun Mar 25 13:03:04 +0000 2018,0.0,0.816,0.184,"??? @prattprattpratt stars as a happy-go-lucky hero who joins forces with an unlikely group of aliens. 

Guardians… https://t.co/B9W7kRZ1Qz",9
9,@BBC,0.0,Sun Mar 25 12:03:02 +0000 2018,0.0,1.0,0.0,"Weighing just 100g, a newborn panda is one 900th the size of its mum! ?? #DavidAttenboroughsNaturalCuriosities https://t.co/nKLQh03DJs",10
10,@BBC,0.0,Sun Mar 25 10:30:04 +0000 2018,0.0,1.0,0.0,?Meet SoFi - the soft robot fish developed by MIT to swim among real fish in coral reefs and around the ocean to he… https://t.co/HDa7q7WsHf,11
11,@BBC,-0.3612,Sun Mar 25 09:30:15 +0000 2018,0.161,0.839,0.0,"Ever wondered what made you feel moody? It might be your gut.

? https://t.co/l8oMv5gPN2 https://t.co/vq2yhtBOAn",12
12,@BBC,0.5719,Sun Mar 25 08:43:31 +0000 2018,0.0,0.764,0.236,"RT @BBCScotland: Up your brunch game with perfect poached eggs.

via @bbcthesocial https://t.co/1imXNeOZ9d",13
13,@BBC,-0.4019,Sun Mar 25 08:43:26 +0000 2018,0.101,0.899,0.0,"RT @bbcweather: #Winter may not be done with us yet, as colder continental air fights back against milder maritime air across the UK this w…",14
14,@BBC,0.0,Sun Mar 25 08:43:22 +0000 2018,0.0,1.0,0.0,RT @BBCSport: A simply astonishing confession from Australia captain Steve Smith and batsman Cameron Bancroft ? https://t.co/YaE7fBZamq,15
15,@BBC,-0.25,Sun Mar 25 08:00:12 +0000 2018,0.153,0.743,0.104,A woman who drinks 30 cans a day says her addiction to energy drinks is worse than gambling.… https://t.co/d11ATW0F0f,16
16,@BBC,0.0,Sun Mar 25 07:34:02 +0000 2018,0.0,1.0,0.0,You learn something new every day. Here's how to poo a baby jaguar. ??#BigCatsAboutTheHouse https://t.co/Eg5rF1414b,17
17,@BBC,-0.4215,Sun Mar 25 07:02:00 +0000 2018,0.141,0.859,0.0,When the clocks have gone forward but there's no way you're getting out of bed yet. ?????#DaylightSavings https://t.co/cHBPV3ITsQ,18
18,@BBC,-0.3818,Sat Mar 24 20:34:01 +0000 2018,0.115,0.885,0.0,"""I still see people screaming for help.""

This Sunday at 9pm on @BBCTwo, @REGYATES meets the people whose lives wer… https://t.co/RS16yXF17H",19
19,@BBC,0.4767,Sat Mar 24 20:00:11 +0000 2018,0.0,0.866,0.134,"The story of the last decade of Picasso's life, through the words of family and friends. ?

Picasso's Last Stand |… https://t.co/RyiuI8KgSk",20
20,@BBC,0.128,Sun Mar 25 19:44:01 +0000 2018,0.077,0.821,0.101,"Could this be an answer to global water shortages? ?? This machine creates water out of thin air. 

https://t.co/caz4nXMJg5",21
21,@BBC,-0.7506,Sun Mar 25 19:15:06 +0000 2018,0.286,0.714,0.0,"Tonight, @regyates meets people whose lives have been devastated by the Grenfell fire. 

Reggie Yates: Searching fo… https://t.co/HPgtcZuHte",22
22,@BBC,0.5719,Sun Mar 25 18:40:04 +0000 2018,0.0,0.837,0.163,"Tonight, @mcgregor_ewan and @McgColin celebrate the centenary of the Royal Air Force. 

RAF at 100 with Ewan and Co… https://t.co/nF2iwBP51b",23
23,@BBC,0.0,Sun Mar 25 18:13:03 +0000 2018,0.0,1.0,0.0,The first ever statue of David Bowie has been unveiled in the town where he debuted Ziggy Stardust. ??… https://t.co/lFgROYVkv1,24
24,@BBC,0.5267,Sun Mar 25 17:30:07 +0000 2018,0.0,0.815,0.185,"When you're enjoying being single and people just can't deal with it. ?? @kathbum #LiveAtTheApollo 

https://t.co/byHMHWyhPq",25
25,@BBC,0.4588,Sun Mar 25 15:03:03 +0000 2018,0.0,0.833,0.167,"????? Welcome to Tangier Island, the tiny US island where people speak with a British accent.… https://t.co/1RoM285gRJ",26
26,@BBC,0.0,Sun Mar 25 14:30:02 +0000 2018,0.0,1.0,0.0,"? We could listen to him speak all day. 

? Sir David Attenborough's voice was just as iconic in the 60s as it is t… https://t.co/zYi3oK5C13",27
27,@BBC,0.1779,Sun Mar 25 14:09:03 +0000 2018,0.0,0.909,0.091,"Predictions suggest a build-up of about 80,000 tonnes of plastic in the Pacific Ocean is growing rapidly. ????… https://t.co/uKD9BQWmUi",28
28,@BBC,0.5574,Sun Mar 25 13:03:04 +0000 2018,0.0,0.816,0.184,"??? @prattprattpratt stars as a happy-go-lucky hero who joins forces with an unlikely group of aliens. 

Guardians… https://t.co/B9W7kRZ1Qz",29
29,@BBC,0.0,Sun Mar 25 12:03:02 +0000 2018,0.0,1.0,0.0,"Weighing just 100g, a newborn panda is one 900th the size of its mum! ?? #DavidAttenboroughsNaturalCuriosities https://t.co/nKLQh03DJs",30
30,@BBC,0.0,Sun Mar 25 10:30:04 +0000 2018,0.0,1.0,0.0,?Meet SoFi - the soft robot fish developed by MIT to swim among real fish in coral reefs and around the ocean to he… https://t.co/HDa7q7WsHf,31
31,@BBC,-0.3612,Sun Mar 25 09:30:15 +0000 2018,0.161,0.839,0.0,"Ever wondered what made you feel moody? It might be your gut.

? https://t.co/l8oMv5gPN2 https://t.co/vq2yhtBOAn",32
32,@BBC,0.5719,Sun Mar 25 08:43:31 +0000 2018,0.0,0.764,0.236,"RT @BBCScotland: Up your brunch game with perfect poached eggs.

via @bbcthesocial https://t.co/1imXNeOZ9d",33
33,@BBC,-0.4019,Sun Mar 25 08:43:26 +0000 2018,0.101,0.899,0.0,"RT @bbcweather: #Winter may not be done with us yet, as colder continental air fights back against milder maritime air across the UK this w…",34
34,@BBC,0.0,Sun Mar 25 08:43:22 +0000 2018,0.0,1.0,0.0,RT @BBCSport: A simply astonishing confession from Australia captain Steve Smith and batsman Cameron Bancroft ? https://t.co/YaE7fBZamq,35
35,@BBC,-0.25,Sun Mar 25 08:00:12 +0000 2018,0.153,0.743,0.104,A woman who drinks 30 cans a day says her addiction to energy drinks is worse than gambling.… https://t.co/d11ATW0F0f,36
36,@BBC,0.0,Sun Mar 25 07:34:02 +0000 2018,0.0,1.0,0.0,You learn something new every day. Here's how to poo a baby jaguar. ??#BigCatsAboutTheHouse https://t.co/Eg5rF1414b,37
37,@BBC,-0.4215,Sun Mar 25 07:02:00 +0000 2018,0.141,0.859,0.0,When the clocks have gone forward but there's no way you're getting out of bed yet. ?????#DaylightSavings https://t.co/cHBPV3ITsQ,38
38,@BBC,-0.3818,Sat Mar 24 20:34:01 +0000 2018,0.115,0.885,0.0,"""I still see people screaming for help.""

This Sunday at 9pm on @BBCTwo, @REGYATES meets the people whose lives wer… https://t.co/RS16yXF17H",39
39,@BBC,0.4767,Sat Mar 24 20:00:11 +0000 2018,0.0,0.866,0.134,"The story of the last decade of Picasso's life, through the words of family and friends. ?

Picasso's Last Stand |… https://t.co/RyiuI8KgSk",40
40,@BBC,0.128,Sun Mar 25 19:44:01 +0000 2018,0.077,0.821,0.101,"Could this be an answer to global water shortages? ?? This machine creates water out of thin air. 

https://t.co/caz4nXMJg5",41
41,@BBC,-0.7506,Sun Mar 25 19:15:06 +0000 2018,0.286,0.714,0.0,"Tonight, @regyates meets people whose lives have been devastated by the Grenfell fire. 

Reggie Yates: Searching fo… https://t.co/HPgtcZuHte",42
42,@BBC,0.5719,Sun Mar 25 18:40:04 +0000 2018,0.0,0.837,0.163,"Tonight, @mcgregor_ewan and @McgColin celebrate the centenary of the Royal Air Force. 

RAF at 100 with Ewan and Co… https://t.co/nF2iwBP51b",43
43,@BBC,0.0,Sun Mar 25 18:13:03 +0000 2018,0.0,1.0,0.0,The first ever statue of David Bowie has been unveiled in the town where he debuted Ziggy Stardust. ??… https://t.co/lFgROYVkv1,44
44,@BBC,0.5267,Sun Mar 25 17:30:07 +0000 2018,0.0,0.815,0.185,"When you're enjoying being single and people just can't deal with it. ?? @kathbum #LiveAtTheApollo 

https://t.co/byHMHWyhPq",45
45,@BBC,0.4588,Sun Mar 25 15:03:03 +0000 2018,0.0,0.833,0.167,"????? Welcome to Tangier Island, the tiny US island where people speak with a British accent.… https://t.co/1RoM285gRJ",46
46,@BBC,0.0,Sun Mar 25 14:30:02 +0000 2018,0.0,1.0,0.0,"? We could listen to him speak all day. 

? Sir David Attenborough's voice was just as iconic in the 60s as it is t… https://t.co/zYi3oK5C13",47
47,@BBC,0.1779,Sun Mar 25 14:09:03 +0000 2018,0.0,0.909,0.091,"Predictions suggest a build-up of about 80,000 tonnes of plastic in the Pacific Ocean is growing rapidly. ????… https://t.co/uKD9BQWmUi",48
48,@BBC,0.5574,Sun Mar 25 13:03:04 +0000 2018,0.0,0.816,0.184,"??? @prattprattpratt stars as a happy-go-lucky hero who joins forces with an unlikely group of aliens. 

Guardians… https://t.co/B9W7kRZ1Qz",49
49,@BBC,0.0,Sun Mar 25 12:03:02 +0000 2018,0.0,1.0,0.0,"Weighing just 100g, a newborn panda is one 900th the size of its mum! ?? #DavidAttenboroughsNaturalCuriosities https://t.co/nKLQh03DJs",50
50,@BBC,0.0,Sun Mar 25 10:30:04 +0000 2018,0.0,1.0,0.0,?Meet SoFi - the soft robot fish developed by MIT to swim among real fish in coral reefs and around the ocean to he… https://t.co/HDa7q7WsHf,51
51,@BBC,-0.3612,Sun Mar 25 09:30:15 +0000 2018,0.161,0.839,0.0,"Ever wondered what made you feel moody? It might be your gut.

? https://t.co/l8oMv5gPN2 https://t.co/vq2yhtBOAn",52
52,@BBC,0.5719,Sun Mar 25 08:43:31 +0000 2018,0.0,0.764,0.236,"RT @BBCScotland: Up your brunch game with perfect poached eggs.

via @bbcthesocial https://t.co/1imXNeOZ9d",53
53,@BBC,-0.4019,Sun Mar 25 08:43:26 +0000 2018,0.101,0.899,0.0,"RT @bbcweather: #Winter may not be done with us yet, as colder continental air fights back against milder maritime air across the UK this w…",54
54,@BBC,0.0,Sun Mar 25 08:43:22 +0000 2018,0.0,1.0,0.0,RT @BBCSport: A simply astonishing confession from Australia captain Steve Smith and batsman Cameron Bancroft ? https://t.co/YaE7fBZamq,55
55,@BBC,-0.25,Sun Mar 25 08:00:12 +0000 2018,0.153,0.743,0.104,A woman who drinks 30 cans a day says her addiction to energy drinks is worse than gambling.… https://t.co/d11ATW0F0f,56
56,@BBC,0.0,Sun Mar 25 07:34:02 +0000 2018,0.0,1.0,0.0,You learn something new every day. Here's how to poo a baby jaguar. ??#BigCatsAboutTheHouse https://t.co/Eg5rF1414b,57
57,@BBC,-0.4215,Sun Mar 25 07:02:00 +0000 2018,0.141,0.859,0.0,When the clocks have gone forward but there's no way you're getting out of bed yet. ?????#DaylightSavings https://t.co/cHBPV3ITsQ,58
58,@BBC,-0.3818,Sat Mar 24 20:34:01 +0000 2018,0.115,0.885,0.0,"""I still see people screaming for help.""

This Sunday at 9pm on @BBCTwo, @REGYATES meets the people whose lives wer… https://t.co/RS16yXF17H",59
59,@BBC,0.4767,Sat Mar 24 20:00:11 +0000 2018,0.0,0.866,0.134,"The story of the last decade of Picasso's life, through the words of family and friends. ?

Picasso's Last Stand |… https://t.co/RyiuI8KgSk",60
60,@BBC,0.128,Sun Mar 25 19:44:01 +0000 2018,0.077,0.821,0.101,"Could this be an answer to global water shortages? ?? This machine creates water out of thin air. 

https://t.co/caz4nXMJg5",61
61,@BBC,-0.7506,Sun Mar 25 19:15:06 +0000 2018,0.286,0.714,0.0,"Tonight, @regyates meets people whose lives have been devastated by the Grenfell fire. 

Reggie Yates: Searching fo… https://t.co/HPgtcZuHte",62
62,@BBC,0.5719,Sun Mar 25 18:40:04 +0000 2018,0.0,0.837,0.163,"Tonight, @mcgregor_ewan and @McgColin celebrate the centenary of the Royal Air Force. 

RAF at 100 with Ewan and Co… https://t.co/nF2iwBP51b",63
63,@BBC,0.0,Sun Mar 25 18:13:03 +0000 2018,0.0,1.0,0.0,The first ever statue of David Bowie has been unveiled in the town where he debuted Ziggy Stardust. ??… https://t.co/lFgROYVkv1,64
64,@BBC,0.5267,Sun Mar 25 17:30:07 +0000 2018,0.0,0.815,0.185,"When you're enjoying being single and people just can't deal with it. ?? @kathbum #LiveAtTheApollo 

https://t.co/byHMHWyhPq",65
65,@BBC,0.4588,Sun Mar 25 15:03:03 +0000 2018,0.0,0.833,0.167,"????? Welcome to Tangier Island, the tiny US island where people speak with a British accent.… https://t.co/1RoM285gRJ",66
66,@BBC,0.0,Sun Mar 25 14:30:02 +0000 2018,0.0,1.0,0.0,"? We could listen to him speak all day. 

? Sir David Attenborough's voice was just as iconic in the 60s as it is t… https://t.co/zYi3oK5C13",67
67,@BBC,0.1779,Sun Mar 25 14:09:03 +0000 2018,0.0,0.909,0.091,"Predictions suggest a build-up of about 80,000 tonnes of plastic in the Pacific Ocean is growing rapidly. ????… https://t.co/uKD9BQWmUi",68
68,@BBC,0.5574,Sun Mar 25 13:03:04 +0000 2018,0.0,0.816,0.184,"??? @prattprattpratt stars as a happy-go-lucky hero who joins forces with an unlikely group of aliens. 

Guardians… https://t.co/B9W7kRZ1Qz",69
69,@BBC,0.0,Sun Mar 25 12:03:02 +0000 2018,0.0,1.0,0.0,"Weighing just 100g, a newborn panda is one 900th the size of its mum! ?? #DavidAttenboroughsNaturalCuriosities https://t.co/nKLQh03DJs",70
70,@BBC,0.0,Sun Mar 25 10:30:04 +0000 2018,0.0,1.0,0.0,?Meet SoFi - the soft robot fish developed by MIT to swim among real fish in coral reefs and around the ocean to he… https://t.co/HDa7q7WsHf,71
71,@BBC,-0.3612,Sun Mar 25 09:30:15 +0000 2018,0.161,0.839,0.0,"Ever wondered what made you feel moody? It might be your gut.

? https://t.co/l8oMv5gPN2 https://t.co/vq2yhtBOAn",72
72,@BBC,0.5719,Sun Mar 25 08:43:31 +0000 2018,0.0,0.764,0.236,"RT @BBCScotland: Up your brunch game with perfect poached eggs.

via @bbcthesocial https://t.co/1imXNeOZ9d",73
73,@BBC,-0.4019,Sun Mar 25 08:43:26 +0000 2018,0.101,0.899,0.0,"RT @bbcweather: #Winter may not be done with us yet, as colder continental air fights back against milder maritime air across the UK this w…",74
74,@BBC,0.0,Sun Mar 25 08:43:22 +0000 2018,0.0,1.0,0.0,RT @BBCSport: A simply astonishing confession from Australia captain Steve Smith and batsman Cameron Bancroft ? https://t.co/YaE7fBZamq,75
75,@BBC,-0.25,Sun Mar 25 08:00:12 +0000 2018,0.153,0.743,0.104,A woman who drinks 30 cans a day says her addiction to energy drinks is worse than gambling.… https://t.co/d11ATW0F0f,76
76,@BBC,0.0,Sun Mar 25 07:34:02 +0000 2018,0.0,1.0,0.0,You learn something new every day. Here's how to poo a baby jaguar. ??#BigCatsAboutTheHouse https://t.co/Eg5rF1414b,77
77,@BBC,-0.4215,Sun Mar 25 07:02:00 +0000 2018,0.141,0.859,0.0,When the clocks have gone forward but there's no way you're getting out of bed yet. ?????#DaylightSavings https://t.co/cHBPV3ITsQ,78
78,@BBC,-0.3818,Sat Mar 24 20:34:01 +0000 2018,0.115,0.885,0.0,"""I still see people screaming for help.""

This Sunday at 9pm on @BBCTwo, @REGYATES meets the people whose lives wer… https://t.co/RS16yXF17H",79
79,@BBC,0.4767,Sat Mar 24 20:00:11 +0000 2018,0.0,0.866,0.134,"The story of the last decade of Picasso's life, through the words of family and friends. ?

Picasso's Last Stand |… https://t.co/RyiuI8KgSk",80
80,@BBC,0.128,Sun Mar 25 19:44:01 +0000 2018,0.077,0.821,0.101,"Could this be an answer to global water shortages? ?? This machine creates water out of thin air. 

https://t.co/caz4nXMJg5",81
81,@BBC,-0.7506,Sun Mar 25 19:15:06 +0000 2018,0.286,0.714,0.0,"Tonight, @regyates meets people whose lives have been devastated by the Grenfell fire. 

Reggie Yates: Searching fo… https://t.co/HPgtcZuHte",82
82,@BBC,0.5719,Sun Mar 25 18:40:04 +0000 2018,0.0,0.837,0.163,"Tonight, @mcgregor_ewan and @McgColin celebrate the centenary of the Royal Air Force. 

RAF at 100 with Ewan and Co… https://t.co/nF2iwBP51b",83
83,@BBC,0.0,Sun Mar 25 18:13:03 +0000 2018,0.0,1.0,0.0,The first ever statue of David Bowie has been unveiled in the town where he debuted Ziggy Stardust. ??… https://t.co/lFgROYVkv1,84
84,@BBC,0.5267,Sun Mar 25 17:30:07 +0000 2018,0.0,0.815,0.185,"When you're enjoying being single and people just can't deal with it. ?? @kathbum #LiveAtTheApollo 

https://t.co/byHMHWyhPq",85
85,@BBC,0.4588,Sun Mar 25 15:03:03 +0000 2018,0.0,0.833,0.167,"????? Welcome to Tangier Island, the tiny US island where people speak with a British accent.… https://t.co/1RoM285gRJ",86
86,@BBC,0.0,Sun Mar 25 14:30:02 +0000 2018,0.0,1.0,0.0,"? We could listen to him speak all day. 

? Sir David Attenborough's voice was just as iconic in the 60s as it is t… https://t.co/zYi3oK5C13",87
87,@BBC,0.1779,Sun Mar 25 14:09:03 +0000 2018,0.0,0.909,0.091,"Predictions suggest a build-up of about 80,000 tonnes of plastic in the Pacific Ocean is growing rapidly. ????… https://t.co/uKD9BQWmUi",88
88,@BBC,0.5574,Sun Mar 25 13:03:04 +0000 2018,0.0,0.816,0.184,"??? @prattprattpratt stars as a happy-go-lucky hero who joins forces with an unlikely group of aliens. 

Guardians… https://t.co/B9W7kRZ1Qz",89
89,@BBC,0.0,Sun Mar 25 12:03:02 +0000 2018,0.0,1.0,0.0,"Weighing just 100g, a newborn panda is one 900th the size of its mum! ?? #DavidAttenboroughsNaturalCuriosities https://t.co/nKLQh03DJs",90
90,@BBC,0.0,Sun Mar 25 10:30:04 +0000 2018,0.0,1.0,0.0,?Meet SoFi - the soft robot fish developed by MIT to swim among real fish in coral reefs and around the ocean to he… https://t.co/HDa7q7WsHf,91
91,@BBC,-0.3612,Sun Mar 25 09:30:15 +0000 2018,0.161,0.839,0.0,"Ever wondered what made you feel moody? It might be your gut.

? https://t.co/l8oMv5gPN2 https://t.co/vq2yhtBOAn",92
92,@BBC,0.5719,Sun Mar 25 08:43:31 +0000 2018,0.0,0.764,0.236,"RT @BBCScotland: Up your brunch game with perfect poached eggs.

via @bbcthesocial https://t.co/1imXNeOZ9d",93
93,@BBC,-0.4019,Sun Mar 25 08:43:26 +0000 2018,0.101,0.899,0.0,"RT @bbcweather: #Winter may not be done with us yet, as colder continental air fights back against milder maritime air across the UK this w…",94
94,@BBC,0.0,Sun Mar 25 08:43:22 +0000 2018,0.0,1.0,0.0,RT @BBCSport: A simply astonishing confession from Australia captain Steve Smith and batsman Cameron Bancroft ? https://t.co/YaE7fBZamq,95
95,@BBC,-0.25,Sun Mar 25 08:00:12 +0000 2018,0.153,0.743,0.104,A woman who drinks 30 cans a day says her addiction to energy drinks is worse than gambling.… https://t.co/d11ATW0F0f,96
96,@BBC,0.0,Sun Mar 25 07:34:02 +0000 2018,0.0,1.0,0.0,You learn something new every day. Here's how to poo a baby jaguar. ??#BigCatsAboutTheHouse https://t.co/Eg5rF1414b,97
97,@BBC,-0.4215,Sun Mar 25 07:02:00 +0000 2018,0.141,0.859,0.0,When the clocks have gone forward but there's no way you're getting out of bed yet. ?????#DaylightSavings https://t.co/cHBPV3ITsQ,98
98,@BBC,-0.3818,Sat Mar 24 20:34:01 +0000 2018,0.115,0.885,0.0,"""I still see people screaming for help.""

This Sunday at 9pm on @BBCTwo, @REGYATES meets the people whose lives wer… https://t.co/RS16yXF17H",99
99,@BBC,0.4767,Sat Mar 24 20:00:11 +0000 2018,0.0,0.866,0.134,"The story of the last decade of Picasso's life, through the words of family and friends. ?

Picasso's Last Stand |… https://t.co/RyiuI8KgSk",100
100,@CBS,0.0,Sun Mar 25 23:57:34 +0000 2018,0.0,1.0,0.0,New start times in East/Central Time Zones #60Minutes 7:35ET/6:35CT #Instinct  8:35ET/7:35CT #NCISLA 9:35ET/8:35CT… https://t.co/8W5hAeLrvs,101
101,@CBS,0.5319,Sun Mar 25 17:15:25 +0000 2018,0.062,0.78,0.157,Don’t miss a minute of the action. Stream the Elite Eight® games LIVE today starting at 2PM ET with a FREE trial of… https://t.co/8NwU8HdiHR,102
102,@CBS,0.5399,Sat Mar 24 22:46:53 +0000 2018,0.0,0.801,0.199,RT @MomCBS: That's a wrap on the #Mom panel at #PaleyFest! Thanks for following along! https://t.co/we4JgqPt6P,103
103,@CBS,-0.34,Sat Mar 24 22:46:43 +0000 2018,0.185,0.7,0.115,RT @MomCBS: A fan just commented that #Mom helped bring him out of a deep depression. ??? #PaleyFest,104
104,@CBS,0.7003,Sat Mar 24 22:25:03 +0000 2018,0.0,0.791,0.209,"RT @MomCBS: ""Go out for it anyway. If you're good for the role, you're good for the role."" @theJaimePressly's advice for aspiring actors wi…",105
105,@CBS,0.0,Sat Mar 24 22:21:37 +0000 2018,0.0,1.0,0.0,RT @MomCBS: Mom Co-Creator @GemmaRBaker just pointed out her own #Mom in the audience at #PaleyFest! ?,106
106,@CBS,0.0,Sat Mar 24 22:21:34 +0000 2018,0.0,1.0,0.0,"RT @MomCBS: ""I'm not someone in recovery who goes to AA, but I have taken so much away from it...to take one day at a time."" - @theJaimePre…",107
107,@CBS,0.7184,Sat Mar 24 22:21:26 +0000 2018,0.0,0.667,0.333,"RT @MomCBS: ""You get to appreciate working with such talented people."" - @AnnaKFaris #Mom #PaleyFest",108
108,@CBS,0.9451,Sat Mar 24 22:21:23 +0000 2018,0.0,0.58,0.42,RT @MomCBS: “I love this job. I love working with these women. I love working in front of the live audience… It’s alive and it’s fun.” - @A…,109
109,@CBS,0.0,Sat Mar 24 20:00:02 +0000 2018,0.0,1.0,0.0,"Get on your feet for @Jason_Aldean, @ThomasRhett, @ChrisStapleton, @KeithUrban, and @ChrisYoungMusic, the five nomi… https://t.co/oT5ogjdj4x",110
110,@CBS,0.6996,Fri Mar 23 22:33:52 +0000 2018,0.0,0.806,0.194,Get ready for some sweet games! Stream #5 Clemson vs #1 Kansas LIVE at 7PM ET and #11 Syracuse vs #2 Duke LIVE at 9… https://t.co/4WstgrKNnW,111
111,@CBS,0.4939,Fri Mar 23 22:33:04 +0000 2018,0.0,0.686,0.314,RT @SEALTeamCBS: In honor of #NationalPuppyDay... ? #SEALTeam https://t.co/4mIZPpiRlU,112
112,@CBS,0.8997,Fri Mar 23 22:32:48 +0000 2018,0.0,0.645,0.355,"RT @HawaiiFive0CBS: Nothing like a man and his dog! ?? Happy #NationalPuppyDay to Eddie, the best pup on the Five-0 Task Force! #H50 https:…",113
113,@CBS,0.0,Thu Mar 22 22:10:29 +0000 2018,0.0,1.0,0.0,Game on! 16 teams left and the race to the finish continues tonight. Stream #11 Loyola-Chicago vs #7 Nevada LIVE at… https://t.co/W374rmzzoC,114
114,@CBS,0.7081,Thu Mar 22 20:52:02 +0000 2018,0.066,0.623,0.311,Save the date! These are season finales you do NOT want to miss. RT if you're excited! https://t.co/UUQoWsPPSh https://t.co/cDl4WmxMtU,115
115,@CBS,0.636,Thu Mar 22 00:23:38 +0000 2018,0.0,0.802,0.198,Congratulations to all of the @CBSDaytime nominees for the #DaytimeEmmys! See the full list of #DaytimeEmmy nominee… https://t.co/ivJVJWvfsf,116
116,@CBS,0.0,Wed Mar 21 18:00:01 +0000 2018,0.0,1.0,0.0,Female Vocalist Of The Year nominee @MarenMorris will show her fans how it’s done when she takes the stage to showc… https://t.co/PITjmAoFT8,117
117,@CBS,0.5106,Tue Mar 20 20:00:01 +0000 2018,0.0,0.858,0.142,The legendary @Reba returns to host the 53rd #ACMawards and she’s proving just how comfortable she is behind the mi… https://t.co/XPXcSPRXqC,118
118,@CBS,0.0,Tue Mar 20 17:58:43 +0000 2018,0.0,1.0,0.0,RT @nancyodell: Told my daughter I'd be presenting at @ACMawards again this year. (Woot woot!We both luv country music!)She took this pic o…,119
119,@CBS,0.5562,Tue Mar 20 16:52:42 +0000 2018,0.0,0.826,0.174,RT @ladyantebellum: Ecstatic to announce we'll be performing at the #ACMawards in Las Vegas again this year! https://t.co/Qfhs94j6FR,120
120,@CBS,0.0,Sun Mar 25 23:57:34 +0000 2018,0.0,1.0,0.0,New start times in East/Central Time Zones #60Minutes 7:35ET/6:35CT #Instinct  8:35ET/7:35CT #NCISLA 9:35ET/8:35CT… https://t.co/8W5hAeLrvs,121
121,@CBS,0.5319,Sun Mar 25 17:15:25 +0000 2018,0.062,0.78,0.157,Don’t miss a minute of the action. Stream the Elite Eight® games LIVE today starting at 2PM ET with a FREE trial of… https://t.co/8NwU8HdiHR,122
122,@CBS,0.5399,Sat Mar 24 22:46:53 +0000 2018,0.0,0.801,0.199,RT @MomCBS: That's a wrap on the #Mom panel at #PaleyFest! Thanks for following along! https://t.co/we4JgqPt6P,123
123,@CBS,-0.34,Sat Mar 24 22:46:43 +0000 2018,0.185,0.7,0.115,RT @MomCBS: A fan just commented that #Mom helped bring him out of a deep depression. ??? #PaleyFest,124
124,@CBS,0.7003,Sat Mar 24 22:25:03 +0000 2018,0.0,0.791,0.209,"RT @MomCBS: ""Go out for it anyway. If you're good for the role, you're good for the role."" @theJaimePressly's advice for aspiring actors wi…",125
125,@CBS,0.0,Sat Mar 24 22:21:37 +0000 2018,0.0,1.0,0.0,RT @MomCBS: Mom Co-Creator @GemmaRBaker just pointed out her own #Mom in the audience at #PaleyFest! ?,126
126,@CBS,0.0,Sat Mar 24 22:21:34 +0000 2018,0.0,1.0,0.0,"RT @MomCBS: ""I'm not someone in recovery who goes to AA, but I have taken so much away from it...to take one day at a time."" - @theJaimePre…",127
127,@CBS,0.7184,Sat Mar 24 22:21:26 +0000 2018,0.0,0.667,0.333,"RT @MomCBS: ""You get to appreciate working with such talented people."" - @AnnaKFaris #Mom #PaleyFest",128
128,@CBS,0.9451,Sat Mar 24 22:21:23 +0000 2018,0.0,0.58,0.42,RT @MomCBS: “I love this job. I love working with these women. I love working in front of the live audience… It’s alive and it’s fun.” - @A…,129
129,@CBS,0.0,Sat Mar 24 20:00:02 +0000 2018,0.0,1.0,0.0,"Get on your feet for @Jason_Aldean, @ThomasRhett, @ChrisStapleton, @KeithUrban, and @ChrisYoungMusic, the five nomi… https://t.co/oT5ogjdj4x",130
130,@CBS,0.6996,Fri Mar 23 22:33:52 +0000 2018,0.0,0.806,0.194,Get ready for some sweet games! Stream #5 Clemson vs #1 Kansas LIVE at 7PM ET and #11 Syracuse vs #2 Duke LIVE at 9… https://t.co/4WstgrKNnW,131
131,@CBS,0.4939,Fri Mar 23 22:33:04 +0000 2018,0.0,0.686,0.314,RT @SEALTeamCBS: In honor of #NationalPuppyDay... ? #SEALTeam https://t.co/4mIZPpiRlU,132
132,@CBS,0.8997,Fri Mar 23 22:32:48 +0000 2018,0.0,0.645,0.355,"RT @HawaiiFive0CBS: Nothing like a man and his dog! ?? Happy #NationalPuppyDay to Eddie, the best pup on the Five-0 Task Force! #H50 https:…",133
133,@CBS,0.0,Thu Mar 22 22:10:29 +0000 2018,0.0,1.0,0.0,Game on! 16 teams left and the race to the finish continues tonight. Stream #11 Loyola-Chicago vs #7 Nevada LIVE at… https://t.co/W374rmzzoC,134
134,@CBS,0.7081,Thu Mar 22 20:52:02 +0000 2018,0.066,0.623,0.311,Save the date! These are season finales you do NOT want to miss. RT if you're excited! https://t.co/UUQoWsPPSh https://t.co/cDl4WmxMtU,135
135,@CBS,0.636,Thu Mar 22 00:23:38 +0000 2018,0.0,0.802,0.198,Congratulations to all of the @CBSDaytime nominees for the #DaytimeEmmys! See the full list of #DaytimeEmmy nominee… https://t.co/ivJVJWvfsf,136
136,@CBS,0.0,Wed Mar 21 18:00:01 +0000 2018,0.0,1.0,0.0,Female Vocalist Of The Year nominee @MarenMorris will show her fans how it’s done when she takes the stage to showc… https://t.co/PITjmAoFT8,137
137,@CBS,0.5106,Tue Mar 20 20:00:01 +0000 2018,0.0,0.858,0.142,The legendary @Reba returns to host the 53rd #ACMawards and she’s proving just how comfortable she is behind the mi… https://t.co/XPXcSPRXqC,138
138,@CBS,0.0,Tue Mar 20 17:58:43 +0000 2018,0.0,1.0,0.0,RT @nancyodell: Told my daughter I'd be presenting at @ACMawards again this year. (Woot woot!We both luv country music!)She took this pic o…,139
139,@CBS,0.5562,Tue Mar 20 16:52:42 +0000 2018,0.0,0.826,0.174,RT @ladyantebellum: Ecstatic to announce we'll be performing at the #ACMawards in Las Vegas again this year! https://t.co/Qfhs94j6FR,140
140,@CBS,0.0,Sun Mar 25 23:57:34 +0000 2018,0.0,1.0,0.0,New start times in East/Central Time Zones #60Minutes 7:35ET/6:35CT #Instinct  8:35ET/7:35CT #NCISLA 9:35ET/8:35CT… https://t.co/8W5hAeLrvs,141
141,@CBS,0.5319,Sun Mar 25 17:15:25 +0000 2018,0.062,0.78,0.157,Don’t miss a minute of the action. Stream the Elite Eight® games LIVE today starting at 2PM ET with a FREE trial of… https://t.co/8NwU8HdiHR,142
142,@CBS,0.5399,Sat Mar 24 22:46:53 +0000 2018,0.0,0.801,0.199,RT @MomCBS: That's a wrap on the #Mom panel at #PaleyFest! Thanks for following along! https://t.co/we4JgqPt6P,143
143,@CBS,-0.34,Sat Mar 24 22:46:43 +0000 2018,0.185,0.7,0.115,RT @MomCBS: A fan just commented that #Mom helped bring him out of a deep depression. ??? #PaleyFest,144
144,@CBS,0.7003,Sat Mar 24 22:25:03 +0000 2018,0.0,0.791,0.209,"RT @MomCBS: ""Go out for it anyway. If you're good for the role, you're good for the role."" @theJaimePressly's advice for aspiring actors wi…",145
145,@CBS,0.0,Sat Mar 24 22:21:37 +0000 2018,0.0,1.0,0.0,RT @MomCBS: Mom Co-Creator @GemmaRBaker just pointed out her own #Mom in the audience at #PaleyFest! ?,146
146,@CBS,0.0,Sat Mar 24 22:21:34 +0000 2018,0.0,1.0,0.0,"RT @MomCBS: ""I'm not someone in recovery who goes to AA, but I have taken so much away from it...to take one day at a time."" - @theJaimePre…",147
147,@CBS,0.7184,Sat Mar 24 22:21:26 +0000 2018,0.0,0.667,0.333,"RT @MomCBS: ""You get to appreciate working with such talented people."" - @AnnaKFaris #Mom #PaleyFest",148
148,@CBS,0.9451,Sat Mar 24 22:21:23 +0000 2018,0.0,0.58,0.42,RT @MomCBS: “I love this job. I love working with these women. I love working in front of the live audience… It’s alive and it’s fun.” - @A…,149
149,@CBS,0.0,Sat Mar 24 20:00:02 +0000 2018,0.0,1.0,0.0,"Get on your feet for @Jason_Aldean, @ThomasRhett, @ChrisStapleton, @KeithUrban, and @ChrisYoungMusic, the five nomi… https://t.co/oT5ogjdj4x",150
150,@CBS,0.6996,Fri Mar 23 22:33:52 +0000 2018,0.0,0.806,0.194,Get ready for some sweet games! Stream #5 Clemson vs #1 Kansas LIVE at 7PM ET and #11 Syracuse vs #2 Duke LIVE at 9… https://t.co/4WstgrKNnW,151
151,@CBS,0.4939,Fri Mar 23 22:33:04 +0000 2018,0.0,0.686,0.314,RT @SEALTeamCBS: In honor of #NationalPuppyDay... ? #SEALTeam https://t.co/4mIZPpiRlU,152
152,@CBS,0.8997,Fri Mar 23 22:32:48 +0000 2018,0.0,0.645,0.355,"RT @HawaiiFive0CBS: Nothing like a man and his dog! ?? Happy #NationalPuppyDay to Eddie, the best pup on the Five-0 Task Force! #H50 https:…",153
153,@CBS,0.0,Thu Mar 22 22:10:29 +0000 2018,0.0,1.0,0.0,Game on! 16 teams left and the race to the finish continues tonight. Stream #11 Loyola-Chicago vs #7 Nevada LIVE at… https://t.co/W374rmzzoC,154
154,@CBS,0.7081,Thu Mar 22 20:52:02 +0000 2018,0.066,0.623,0.311,Save the date! These are season finales you do NOT want to miss. RT if you're excited! https://t.co/UUQoWsPPSh https://t.co/cDl4WmxMtU,155
155,@CBS,0.636,Thu Mar 22 00:23:38 +0000 2018,0.0,0.802,0.198,Congratulations to all of the @CBSDaytime nominees for the #DaytimeEmmys! See the full list of #DaytimeEmmy nominee… https://t.co/ivJVJWvfsf,156
156,@CBS,0.0,Wed Mar 21 18:00:01 +0000 2018,0.0,1.0,0.0,Female Vocalist Of The Year nominee @MarenMorris will show her fans how it’s done when she takes the stage to showc… https://t.co/PITjmAoFT8,157
157,@CBS,0.5106,Tue Mar 20 20:00:01 +0000 2018,0.0,0.858,0.142,The legendary @Reba returns to host the 53rd #ACMawards and she’s proving just how comfortable she is behind the mi… https://t.co/XPXcSPRXqC,158
158,@CBS,0.0,Tue Mar 20 17:58:43 +0000 2018,0.0,1.0,0.0,RT @nancyodell: Told my daughter I'd be presenting at @ACMawards again this year. (Woot woot!We both luv country music!)She took this pic o…,159
159,@CBS,0.5562,Tue Mar 20 16:52:42 +0000 2018,0.0,0.826,0.174,RT @ladyantebellum: Ecstatic to announce we'll be performing at the #ACMawards in Las Vegas again this year! https://t.co/Qfhs94j6FR,160
160,@CBS,0.0,Sun Mar 25 23:57:34 +0000 2018,0.0,1.0,0.0,New start times in East/Central Time Zones #60Minutes 7:35ET/6:35CT #Instinct  8:35ET/7:35CT #NCISLA 9:35ET/8:35CT… https://t.co/8W5hAeLrvs,161
161,@CBS,0.5319,Sun Mar 25 17:15:25 +0000 2018,0.062,0.78,0.157,Don’t miss a minute of the action. Stream the Elite Eight® games LIVE today starting at 2PM ET with a FREE trial of… https://t.co/8NwU8HdiHR,162
162,@CBS,0.5399,Sat Mar 24 22:46:53 +0000 2018,0.0,0.801,0.199,RT @MomCBS: That's a wrap on the #Mom panel at #PaleyFest! Thanks for following along! https://t.co/we4JgqPt6P,163
163,@CBS,-0.34,Sat Mar 24 22:46:43 +0000 2018,0.185,0.7,0.115,RT @MomCBS: A fan just commented that #Mom helped bring him out of a deep depression. ??? #PaleyFest,164
164,@CBS,0.7003,Sat Mar 24 22:25:03 +0000 2018,0.0,0.791,0.209,"RT @MomCBS: ""Go out for it anyway. If you're good for the role, you're good for the role."" @theJaimePressly's advice for aspiring actors wi…",165
165,@CBS,0.0,Sat Mar 24 22:21:37 +0000 2018,0.0,1.0,0.0,RT @MomCBS: Mom Co-Creator @GemmaRBaker just pointed out her own #Mom in the audience at #PaleyFest! ?,166
166,@CBS,0.0,Sat Mar 24 22:21:34 +0000 2018,0.0,1.0,0.0,"RT @MomCBS: ""I'm not someone in recovery who goes to AA, but I have taken so much away from it...to take one day at a time."" - @theJaimePre…",167
167,@CBS,0.7184,Sat Mar 24 22:21:26 +0000 2018,0.0,0.667,0.333,"RT @MomCBS: ""You get to appreciate working with such talented people."" - @AnnaKFaris #Mom #PaleyFest",168
168,@CBS,0.9451,Sat Mar 24 22:21:23 +0000 2018,0.0,0.58,0.42,RT @MomCBS: “I love this job. I love working with these women. I love working in front of the live audience… It’s alive and it’s fun.” - @A…,169
169,@CBS,0.0,Sat Mar 24 20:00:02 +0000 2018,0.0,1.0,0.0,"Get on your feet for @Jason_Aldean, @ThomasRhett, @ChrisStapleton, @KeithUrban, and @ChrisYoungMusic, the five nomi… https://t.co/oT5ogjdj4x",170
170,@CBS,0.6996,Fri Mar 23 22:33:52 +0000 2018,0.0,0.806,0.194,Get ready for some sweet games! Stream #5 Clemson vs #1 Kansas LIVE at 7PM ET and #11 Syracuse vs #2 Duke LIVE at 9… https://t.co/4WstgrKNnW,171
171,@CBS,0.4939,Fri Mar 23 22:33:04 +0000 2018,0.0,0.686,0.314,RT @SEALTeamCBS: In honor of #NationalPuppyDay... ? #SEALTeam https://t.co/4mIZPpiRlU,172
172,@CBS,0.8997,Fri Mar 23 22:32:48 +0000 2018,0.0,0.645,0.355,"RT @HawaiiFive0CBS: Nothing like a man and his dog! ?? Happy #NationalPuppyDay to Eddie, the best pup on the Five-0 Task Force! #H50 https:…",173
173,@CBS,0.0,Thu Mar 22 22:10:29 +0000 2018,0.0,1.0,0.0,Game on! 16 teams left and the race to the finish continues tonight. Stream #11 Loyola-Chicago vs #7 Nevada LIVE at… https://t.co/W374rmzzoC,174
174,@CBS,0.7081,Thu Mar 22 20:52:02 +0000 2018,0.066,0.623,0.311,Save the date! These are season finales you do NOT want to miss. RT if you're excited! https://t.co/UUQoWsPPSh https://t.co/cDl4WmxMtU,175
175,@CBS,0.636,Thu Mar 22 00:23:38 +0000 2018,0.0,0.802,0.198,Congratulations to all of the @CBSDaytime nominees for the #DaytimeEmmys! See the full list of #DaytimeEmmy nominee… https://t.co/ivJVJWvfsf,176
176,@CBS,0.0,Wed Mar 21 18:00:01 +0000 2018,0.0,1.0,0.0,Female Vocalist Of The Year nominee @MarenMorris will show her fans how it’s done when she takes the stage to showc… https://t.co/PITjmAoFT8,177
177,@CBS,0.5106,Tue Mar 20 20:00:01 +0000 2018,0.0,0.858,0.142,The legendary @Reba returns to host the 53rd #ACMawards and she’s proving just how comfortable she is behind the mi… https://t.co/XPXcSPRXqC,178
178,@CBS,0.0,Tue Mar 20 17:58:43 +0000 2018,0.0,1.0,0.0,RT @nancyodell: Told my daughter I'd be presenting at @ACMawards again this year. (Woot woot!We both luv country music!)She took this pic o…,179
179,@CBS,0.5562,Tue Mar 20 16:52:42 +0000 2018,0.0,0.826,0.174,RT @ladyantebellum: Ecstatic to announce we'll be performing at the #ACMawards in Las Vegas again this year! https://t.co/Qfhs94j6FR,180
180,@CBS,0.0,Sun Mar 25 23:57:34 +0000 2018,0.0,1.0,0.0,New start times in East/Central Time Zones #60Minutes 7:35ET/6:35CT #Instinct  8:35ET/7:35CT #NCISLA 9:35ET/8:35CT… https://t.co/8W5hAeLrvs,181
181,@CBS,0.5319,Sun Mar 25 17:15:25 +0000 2018,0.062,0.78,0.157,Don’t miss a minute of the action. Stream the Elite Eight® games LIVE today starting at 2PM ET with a FREE trial of… https://t.co/8NwU8HdiHR,182
182,@CBS,0.5399,Sat Mar 24 22:46:53 +0000 2018,0.0,0.801,0.199,RT @MomCBS: That's a wrap on the #Mom panel at #PaleyFest! Thanks for following along! https://t.co/we4JgqPt6P,183
183,@CBS,-0.34,Sat Mar 24 22:46:43 +0000 2018,0.185,0.7,0.115,RT @MomCBS: A fan just commented that #Mom helped bring him out of a deep depression. ??? #PaleyFest,184
184,@CBS,0.7003,Sat Mar 24 22:25:03 +0000 2018,0.0,0.791,0.209,"RT @MomCBS: ""Go out for it anyway. If you're good for the role, you're good for the role."" @theJaimePressly's advice for aspiring actors wi…",185
185,@CBS,0.0,Sat Mar 24 22:21:37 +0000 2018,0.0,1.0,0.0,RT @MomCBS: Mom Co-Creator @GemmaRBaker just pointed out her own #Mom in the audience at #PaleyFest! ?,186
186,@CBS,0.0,Sat Mar 24 22:21:34 +0000 2018,0.0,1.0,0.0,"RT @MomCBS: ""I'm not someone in recovery who goes to AA, but I have taken so much away from it...to take one day at a time."" - @theJaimePre…",187
187,@CBS,0.7184,Sat Mar 24 22:21:26 +0000 2018,0.0,0.667,0.333,"RT @MomCBS: ""You get to appreciate working with such talented people."" - @AnnaKFaris #Mom #PaleyFest",188
188,@CBS,0.9451,Sat Mar 24 22:21:23 +0000 2018,0.0,0.58,0.42,RT @MomCBS: “I love this job. I love working with these women. I love working in front of the live audience… It’s alive and it’s fun.” - @A…,189
189,@CBS,0.0,Sat Mar 24 20:00:02 +0000 2018,0.0,1.0,0.0,"Get on your feet for @Jason_Aldean, @ThomasRhett, @ChrisStapleton, @KeithUrban, and @ChrisYoungMusic, the five nomi… https://t.co/oT5ogjdj4x",190
190,@CBS,0.6996,Fri Mar 23 22:33:52 +0000 2018,0.0,0.806,0.194,Get ready for some sweet games! Stream #5 Clemson vs #1 Kansas LIVE at 7PM ET and #11 Syracuse vs #2 Duke LIVE at 9… https://t.co/4WstgrKNnW,191
191,@CBS,0.4939,Fri Mar 23 22:33:04 +0000 2018,0.0,0.686,0.314,RT @SEALTeamCBS: In honor of #NationalPuppyDay... ? #SEALTeam https://t.co/4mIZPpiRlU,192
192,@CBS,0.8997,Fri Mar 23 22:32:48 +0000 2018,0.0,0.645,0.355,"RT @HawaiiFive0CBS: Nothing like a man and his dog! ?? Happy #NationalPuppyDay to Eddie, the best pup on the Five-0 Task Force! #H50 https:…",193
193,@CBS,0.0,Thu Mar 22 22:10:29 +0000 2018,0.0,1.0,0.0,Game on! 16 teams left and the race to the finish continues tonight. Stream #11 Loyola-Chicago vs #7 Nevada LIVE at… https://t.co/W374rmzzoC,194
194,@CBS,0.7081,Thu Mar 22 20:52:02 +0000 2018,0.066,0.623,0.311,Save the date! These are season finales you do NOT want to miss. RT if you're excited! https://t.co/UUQoWsPPSh https://t.co/cDl4WmxMtU,195
195,@CBS,0.636,Thu Mar 22 00:23:38 +0000 2018,0.0,0.802,0.198,Congratulations to all of the @CBSDaytime nominees for the #DaytimeEmmys! See the full list of #DaytimeEmmy nominee… https://t.co/ivJVJWvfsf,196
196,@CBS,0.0,Wed Mar 21 18:00:01 +0000 2018,0.0,1.0,0.0,Female Vocalist Of The Year nominee @MarenMorris will show her fans how it’s done when she takes the stage to showc… https://t.co/PITjmAoFT8,197
197,@CBS,0.5106,Tue Mar 20 20:00:01 +0000 2018,0.0,0.858,0.142,The legendary @Reba returns to host the 53rd #ACMawards and she’s proving just how comfortable she is behind the mi… https://t.co/XPXcSPRXqC,198
198,@CBS,0.0,Tue Mar 20 17:58:43 +0000 2018,0.0,1.0,0.0,RT @nancyodell: Told my daughter I'd be presenting at @ACMawards again this year. (Woot woot!We both luv country music!)She took this pic o…,199
199,@CBS,0.5562,Tue Mar 20 16:52:42 +0000 2018,0.0,0.826,0.174,RT @ladyantebellum: Ecstatic to announce we'll be performing at the #ACMawards in Las Vegas again this year! https://t.co/Qfhs94j6FR,200
200,@CNN,0.0,Mon Mar 26 00:30:09 +0000 2018,0.0,1.0,0.0,Sebastian Vettel repeats 2017 victory in season-opening race of the 2018 Formula One season in Australia… https://t.co/ZhQ551Frji,201
201,@CNN,0.128,Mon Mar 26 00:15:04 +0000 2018,0.12,0.737,0.143,"President Trump's approval holds steady as GOP shrinks Democrats' edge in midterms fight, Fox News poll finds… https://t.co/vEC5UV193r",202
202,@CNN,-0.6369,Mon Mar 26 00:00:04 +0000 2018,0.257,0.743,0.0,CNN commentator and former Pennsylvania GOP Sen. Rick Santorum suggests students protesting for gun control legisla… https://t.co/6e7Htsm73C,203
203,@CNN,0.0,Sun Mar 25 23:45:02 +0000 2018,0.0,1.0,0.0,US Army veteran who served two tours in Afghanistan has been deported to Mexico https://t.co/laFaJqGzs3 https://t.co/jXz9M1fL0V,204
204,@CNN,-0.4019,Sun Mar 25 23:33:06 +0000 2018,0.213,0.787,0.0,"Catalonia's ex-leader Carles Puigdemont detained in Germany, lawyer says https://t.co/dBEPhjYkHB https://t.co/GUG6UAanEu",205
205,@CNN,0.0,Sun Mar 25 23:26:08 +0000 2018,0.0,1.0,0.0,"Everything you need to know ahead of Stormy Daniels' ""60 Minutes"" interview https://t.co/c2CN8Ql4Yk https://t.co/TnRtjIjmzc",206
206,@CNN,-0.4588,Sun Mar 25 23:19:44 +0000 2018,0.12,0.88,0.0,"Porn star Stormy Daniels says on ""60 Minutes"" she was threatened in 2011 while trying to sell her story about her a… https://t.co/tdGbtLbkZk",207
207,@CNN,0.5859,Sun Mar 25 23:15:05 +0000 2018,0.0,0.673,0.327,"President Trump tweets that ""many lawyers and top law firms"" want to join his legal team https://t.co/pOzeeYBYYs https://t.co/XgBgeJb1fo",208
208,@CNN,0.6435,Sun Mar 25 23:00:11 +0000 2018,0.0,0.695,0.305,"Stormy, don't worry about violating your NDA, writes Harry Litman for @CNNOpinion https://t.co/Ycxol1JaYm https://t.co/LLAzX4FSgH",209
209,@CNN,0.0,Sun Mar 25 22:45:05 +0000 2018,0.0,1.0,0.0,Orange snow blankets parts of Russia https://t.co/EXDdbGDbSx https://t.co/pwOhPn6xKD,210
210,@CNN,-0.6369,Sun Mar 25 22:30:13 +0000 2018,0.366,0.634,0.0,Australia cricket captain Steve Smith resigns over ball-tampering scandal https://t.co/9X1PKDFlne https://t.co/HsjRwLpC1Z,211
211,@CNN,0.7964,Sun Mar 25 22:15:05 +0000 2018,0.0,0.647,0.353,Britain's Scott Brash wins first leg of Global Champions Tour in Mexico City https://t.co/zTB0S4uvFQ https://t.co/cvQjxRDSDJ,212
212,@CNN,0.0,Sun Mar 25 22:00:08 +0000 2018,0.0,1.0,0.0,"Stormy Daniels interview adds to ""60 Minutes"" legacy of big hits https://t.co/q5LxP4G2ku https://t.co/IXtljm6IP9",213
213,@CNN,-0.0772,Sun Mar 25 21:45:11 +0000 2018,0.126,0.874,0.0,Facebook's Zuckerberg says sorry in full-page newspaper ads https://t.co/uchVl0f1EI https://t.co/VkKlB7VzmQ,214
214,@CNN,0.0,Sun Mar 25 21:30:11 +0000 2018,0.0,1.0,0.0,A conservative media executive who is close with President Trump said the President told him Saturday he expects mo… https://t.co/syUiXUZP4i,215
215,@CNN,-0.0997,Sun Mar 25 21:15:04 +0000 2018,0.109,0.805,0.086,President Trump's attorney says husband-and-wife legal team Joseph diGenova and Victoria Toensing won't join legal… https://t.co/fTlnDqJ4Bf,216
216,@CNN,0.0,Sun Mar 25 21:03:28 +0000 2018,0.0,1.0,0.0,"Everything you need to know ahead of Stormy Daniels' ""60 Minutes"" interview https://t.co/9goGs0LO3J https://t.co/xJ0RDRT1GW",217
217,@CNN,0.4767,Sun Mar 25 20:45:06 +0000 2018,0.0,0.78,0.22,Monégasque racing driver Charles Leclerc impresses on debut in Australia https://t.co/lR1qvWSlYn https://t.co/KmYSAA2JVX,218
218,@CNN,-0.6124,Sun Mar 25 20:30:04 +0000 2018,0.294,0.706,0.0,Wisconsin students take gun reform fight to House Speaker Paul Ryan's hometown https://t.co/jpKPV0Lm5p https://t.co/wsP3WVHlcH,219
219,@CNN,0.1901,Sun Mar 25 20:15:19 +0000 2018,0.0,0.907,0.093,"Renaissance popes like Rodrigo Borgia made incredible cultural advancements, but at what cost? The price of progres… https://t.co/GnxJ683r5B",220
220,@CNN,0.0,Mon Mar 26 00:30:09 +0000 2018,0.0,1.0,0.0,Sebastian Vettel repeats 2017 victory in season-opening race of the 2018 Formula One season in Australia… https://t.co/ZhQ551Frji,221
221,@CNN,0.128,Mon Mar 26 00:15:04 +0000 2018,0.12,0.737,0.143,"President Trump's approval holds steady as GOP shrinks Democrats' edge in midterms fight, Fox News poll finds… https://t.co/vEC5UV193r",222
222,@CNN,-0.6369,Mon Mar 26 00:00:04 +0000 2018,0.257,0.743,0.0,CNN commentator and former Pennsylvania GOP Sen. Rick Santorum suggests students protesting for gun control legisla… https://t.co/6e7Htsm73C,223
223,@CNN,0.0,Sun Mar 25 23:45:02 +0000 2018,0.0,1.0,0.0,US Army veteran who served two tours in Afghanistan has been deported to Mexico https://t.co/laFaJqGzs3 https://t.co/jXz9M1fL0V,224
224,@CNN,-0.4019,Sun Mar 25 23:33:06 +0000 2018,0.213,0.787,0.0,"Catalonia's ex-leader Carles Puigdemont detained in Germany, lawyer says https://t.co/dBEPhjYkHB https://t.co/GUG6UAanEu",225
225,@CNN,0.0,Sun Mar 25 23:26:08 +0000 2018,0.0,1.0,0.0,"Everything you need to know ahead of Stormy Daniels' ""60 Minutes"" interview https://t.co/c2CN8Ql4Yk https://t.co/TnRtjIjmzc",226
226,@CNN,-0.4588,Sun Mar 25 23:19:44 +0000 2018,0.12,0.88,0.0,"Porn star Stormy Daniels says on ""60 Minutes"" she was threatened in 2011 while trying to sell her story about her a… https://t.co/tdGbtLbkZk",227
227,@CNN,0.5859,Sun Mar 25 23:15:05 +0000 2018,0.0,0.673,0.327,"President Trump tweets that ""many lawyers and top law firms"" want to join his legal team https://t.co/pOzeeYBYYs https://t.co/XgBgeJb1fo",228
228,@CNN,0.6435,Sun Mar 25 23:00:11 +0000 2018,0.0,0.695,0.305,"Stormy, don't worry about violating your NDA, writes Harry Litman for @CNNOpinion https://t.co/Ycxol1JaYm https://t.co/LLAzX4FSgH",229
229,@CNN,0.0,Sun Mar 25 22:45:05 +0000 2018,0.0,1.0,0.0,Orange snow blankets parts of Russia https://t.co/EXDdbGDbSx https://t.co/pwOhPn6xKD,230
230,@CNN,-0.6369,Sun Mar 25 22:30:13 +0000 2018,0.366,0.634,0.0,Australia cricket captain Steve Smith resigns over ball-tampering scandal https://t.co/9X1PKDFlne https://t.co/HsjRwLpC1Z,231
231,@CNN,0.7964,Sun Mar 25 22:15:05 +0000 2018,0.0,0.647,0.353,Britain's Scott Brash wins first leg of Global Champions Tour in Mexico City https://t.co/zTB0S4uvFQ https://t.co/cvQjxRDSDJ,232
232,@CNN,0.0,Sun Mar 25 22:00:08 +0000 2018,0.0,1.0,0.0,"Stormy Daniels interview adds to ""60 Minutes"" legacy of big hits https://t.co/q5LxP4G2ku https://t.co/IXtljm6IP9",233
233,@CNN,-0.0772,Sun Mar 25 21:45:11 +0000 2018,0.126,0.874,0.0,Facebook's Zuckerberg says sorry in full-page newspaper ads https://t.co/uchVl0f1EI https://t.co/VkKlB7VzmQ,234
234,@CNN,0.0,Sun Mar 25 21:30:11 +0000 2018,0.0,1.0,0.0,A conservative media executive who is close with President Trump said the President told him Saturday he expects mo… https://t.co/syUiXUZP4i,235
235,@CNN,-0.0997,Sun Mar 25 21:15:04 +0000 2018,0.109,0.805,0.086,President Trump's attorney says husband-and-wife legal team Joseph diGenova and Victoria Toensing won't join legal… https://t.co/fTlnDqJ4Bf,236
236,@CNN,0.0,Sun Mar 25 21:03:28 +0000 2018,0.0,1.0,0.0,"Everything you need to know ahead of Stormy Daniels' ""60 Minutes"" interview https://t.co/9goGs0LO3J https://t.co/xJ0RDRT1GW",237
237,@CNN,0.4767,Sun Mar 25 20:45:06 +0000 2018,0.0,0.78,0.22,Monégasque racing driver Charles Leclerc impresses on debut in Australia https://t.co/lR1qvWSlYn https://t.co/KmYSAA2JVX,238
238,@CNN,-0.6124,Sun Mar 25 20:30:04 +0000 2018,0.294,0.706,0.0,Wisconsin students take gun reform fight to House Speaker Paul Ryan's hometown https://t.co/jpKPV0Lm5p https://t.co/wsP3WVHlcH,239
239,@CNN,0.1901,Sun Mar 25 20:15:19 +0000 2018,0.0,0.907,0.093,"Renaissance popes like Rodrigo Borgia made incredible cultural advancements, but at what cost? The price of progres… https://t.co/GnxJ683r5B",240
240,@CNN,0.0,Mon Mar 26 00:30:09 +0000 2018,0.0,1.0,0.0,Sebastian Vettel repeats 2017 victory in season-opening race of the 2018 Formula One season in Australia… https://t.co/ZhQ551Frji,241
241,@CNN,0.128,Mon Mar 26 00:15:04 +0000 2018,0.12,0.737,0.143,"President Trump's approval holds steady as GOP shrinks Democrats' edge in midterms fight, Fox News poll finds… https://t.co/vEC5UV193r",242
242,@CNN,-0.6369,Mon Mar 26 00:00:04 +0000 2018,0.257,0.743,0.0,CNN commentator and former Pennsylvania GOP Sen. Rick Santorum suggests students protesting for gun control legisla… https://t.co/6e7Htsm73C,243
243,@CNN,0.0,Sun Mar 25 23:45:02 +0000 2018,0.0,1.0,0.0,US Army veteran who served two tours in Afghanistan has been deported to Mexico https://t.co/laFaJqGzs3 https://t.co/jXz9M1fL0V,244
244,@CNN,-0.4019,Sun Mar 25 23:33:06 +0000 2018,0.213,0.787,0.0,"Catalonia's ex-leader Carles Puigdemont detained in Germany, lawyer says https://t.co/dBEPhjYkHB https://t.co/GUG6UAanEu",245
245,@CNN,0.0,Sun Mar 25 23:26:08 +0000 2018,0.0,1.0,0.0,"Everything you need to know ahead of Stormy Daniels' ""60 Minutes"" interview https://t.co/c2CN8Ql4Yk https://t.co/TnRtjIjmzc",246
246,@CNN,-0.4588,Sun Mar 25 23:19:44 +0000 2018,0.12,0.88,0.0,"Porn star Stormy Daniels says on ""60 Minutes"" she was threatened in 2011 while trying to sell her story about her a… https://t.co/tdGbtLbkZk",247
247,@CNN,0.5859,Sun Mar 25 23:15:05 +0000 2018,0.0,0.673,0.327,"President Trump tweets that ""many lawyers and top law firms"" want to join his legal team https://t.co/pOzeeYBYYs https://t.co/XgBgeJb1fo",248
248,@CNN,0.6435,Sun Mar 25 23:00:11 +0000 2018,0.0,0.695,0.305,"Stormy, don't worry about violating your NDA, writes Harry Litman for @CNNOpinion https://t.co/Ycxol1JaYm https://t.co/LLAzX4FSgH",249
249,@CNN,0.0,Sun Mar 25 22:45:05 +0000 2018,0.0,1.0,0.0,Orange snow blankets parts of Russia https://t.co/EXDdbGDbSx https://t.co/pwOhPn6xKD,250
250,@CNN,-0.6369,Sun Mar 25 22:30:13 +0000 2018,0.366,0.634,0.0,Australia cricket captain Steve Smith resigns over ball-tampering scandal https://t.co/9X1PKDFlne https://t.co/HsjRwLpC1Z,251
251,@CNN,0.7964,Sun Mar 25 22:15:05 +0000 2018,0.0,0.647,0.353,Britain's Scott Brash wins first leg of Global Champions Tour in Mexico City https://t.co/zTB0S4uvFQ https://t.co/cvQjxRDSDJ,252
252,@CNN,0.0,Sun Mar 25 22:00:08 +0000 2018,0.0,1.0,0.0,"Stormy Daniels interview adds to ""60 Minutes"" legacy of big hits https://t.co/q5LxP4G2ku https://t.co/IXtljm6IP9",253
253,@CNN,-0.0772,Sun Mar 25 21:45:11 +0000 2018,0.126,0.874,0.0,Facebook's Zuckerberg says sorry in full-page newspaper ads https://t.co/uchVl0f1EI https://t.co/VkKlB7VzmQ,254
254,@CNN,0.0,Sun Mar 25 21:30:11 +0000 2018,0.0,1.0,0.0,A conservative media executive who is close with President Trump said the President told him Saturday he expects mo… https://t.co/syUiXUZP4i,255
255,@CNN,-0.0997,Sun Mar 25 21:15:04 +0000 2018,0.109,0.805,0.086,President Trump's attorney says husband-and-wife legal team Joseph diGenova and Victoria Toensing won't join legal… https://t.co/fTlnDqJ4Bf,256
256,@CNN,0.0,Sun Mar 25 21:03:28 +0000 2018,0.0,1.0,0.0,"Everything you need to know ahead of Stormy Daniels' ""60 Minutes"" interview https://t.co/9goGs0LO3J https://t.co/xJ0RDRT1GW",257
257,@CNN,0.4767,Sun Mar 25 20:45:06 +0000 2018,0.0,0.78,0.22,Monégasque racing driver Charles Leclerc impresses on debut in Australia https://t.co/lR1qvWSlYn https://t.co/KmYSAA2JVX,258
258,@CNN,-0.6124,Sun Mar 25 20:30:04 +0000 2018,0.294,0.706,0.0,Wisconsin students take gun reform fight to House Speaker Paul Ryan's hometown https://t.co/jpKPV0Lm5p https://t.co/wsP3WVHlcH,259
259,@CNN,0.1901,Sun Mar 25 20:15:19 +0000 2018,0.0,0.907,0.093,"Renaissance popes like Rodrigo Borgia made incredible cultural advancements, but at what cost? The price of progres… https://t.co/GnxJ683r5B",260
260,@CNN,0.0,Mon Mar 26 00:30:09 +0000 2018,0.0,1.0,0.0,Sebastian Vettel repeats 2017 victory in season-opening race of the 2018 Formula One season in Australia… https://t.co/ZhQ551Frji,261
261,@CNN,0.128,Mon Mar 26 00:15:04 +0000 2018,0.12,0.737,0.143,"President Trump's approval holds steady as GOP shrinks Democrats' edge in midterms fight, Fox News poll finds… https://t.co/vEC5UV193r",262
262,@CNN,-0.6369,Mon Mar 26 00:00:04 +0000 2018,0.257,0.743,0.0,CNN commentator and former Pennsylvania GOP Sen. Rick Santorum suggests students protesting for gun control legisla… https://t.co/6e7Htsm73C,263
263,@CNN,0.0,Sun Mar 25 23:45:02 +0000 2018,0.0,1.0,0.0,US Army veteran who served two tours in Afghanistan has been deported to Mexico https://t.co/laFaJqGzs3 https://t.co/jXz9M1fL0V,264
264,@CNN,-0.4019,Sun Mar 25 23:33:06 +0000 2018,0.213,0.787,0.0,"Catalonia's ex-leader Carles Puigdemont detained in Germany, lawyer says https://t.co/dBEPhjYkHB https://t.co/GUG6UAanEu",265
265,@CNN,0.0,Sun Mar 25 23:26:08 +0000 2018,0.0,1.0,0.0,"Everything you need to know ahead of Stormy Daniels' ""60 Minutes"" interview https://t.co/c2CN8Ql4Yk https://t.co/TnRtjIjmzc",266
266,@CNN,-0.4588,Sun Mar 25 23:19:44 +0000 2018,0.12,0.88,0.0,"Porn star Stormy Daniels says on ""60 Minutes"" she was threatened in 2011 while trying to sell her story about her a… https://t.co/tdGbtLbkZk",267
267,@CNN,0.5859,Sun Mar 25 23:15:05 +0000 2018,0.0,0.673,0.327,"President Trump tweets that ""many lawyers and top law firms"" want to join his legal team https://t.co/pOzeeYBYYs https://t.co/XgBgeJb1fo",268
268,@CNN,0.6435,Sun Mar 25 23:00:11 +0000 2018,0.0,0.695,0.305,"Stormy, don't worry about violating your NDA, writes Harry Litman for @CNNOpinion https://t.co/Ycxol1JaYm https://t.co/LLAzX4FSgH",269
269,@CNN,0.0,Sun Mar 25 22:45:05 +0000 2018,0.0,1.0,0.0,Orange snow blankets parts of Russia https://t.co/EXDdbGDbSx https://t.co/pwOhPn6xKD,270
270,@CNN,-0.6369,Sun Mar 25 22:30:13 +0000 2018,0.366,0.634,0.0,Australia cricket captain Steve Smith resigns over ball-tampering scandal https://t.co/9X1PKDFlne https://t.co/HsjRwLpC1Z,271
271,@CNN,0.7964,Sun Mar 25 22:15:05 +0000 2018,0.0,0.647,0.353,Britain's Scott Brash wins first leg of Global Champions Tour in Mexico City https://t.co/zTB0S4uvFQ https://t.co/cvQjxRDSDJ,272
272,@CNN,0.0,Sun Mar 25 22:00:08 +0000 2018,0.0,1.0,0.0,"Stormy Daniels interview adds to ""60 Minutes"" legacy of big hits https://t.co/q5LxP4G2ku https://t.co/IXtljm6IP9",273
273,@CNN,-0.0772,Sun Mar 25 21:45:11 +0000 2018,0.126,0.874,0.0,Facebook's Zuckerberg says sorry in full-page newspaper ads https://t.co/uchVl0f1EI https://t.co/VkKlB7VzmQ,274
274,@CNN,0.0,Sun Mar 25 21:30:11 +0000 2018,0.0,1.0,0.0,A conservative media executive who is close with President Trump said the President told him Saturday he expects mo… https://t.co/syUiXUZP4i,275
275,@CNN,-0.0997,Sun Mar 25 21:15:04 +0000 2018,0.109,0.805,0.086,President Trump's attorney says husband-and-wife legal team Joseph diGenova and Victoria Toensing won't join legal… https://t.co/fTlnDqJ4Bf,276
276,@CNN,0.0,Sun Mar 25 21:03:28 +0000 2018,0.0,1.0,0.0,"Everything you need to know ahead of Stormy Daniels' ""60 Minutes"" interview https://t.co/9goGs0LO3J https://t.co/xJ0RDRT1GW",277
277,@CNN,0.4767,Sun Mar 25 20:45:06 +0000 2018,0.0,0.78,0.22,Monégasque racing driver Charles Leclerc impresses on debut in Australia https://t.co/lR1qvWSlYn https://t.co/KmYSAA2JVX,278
278,@CNN,-0.6124,Sun Mar 25 20:30:04 +0000 2018,0.294,0.706,0.0,Wisconsin students take gun reform fight to House Speaker Paul Ryan's hometown https://t.co/jpKPV0Lm5p https://t.co/wsP3WVHlcH,279
279,@CNN,0.1901,Sun Mar 25 20:15:19 +0000 2018,0.0,0.907,0.093,"Renaissance popes like Rodrigo Borgia made incredible cultural advancements, but at what cost? The price of progres… https://t.co/GnxJ683r5B",280
280,@CNN,0.0,Mon Mar 26 00:30:09 +0000 2018,0.0,1.0,0.0,Sebastian Vettel repeats 2017 victory in season-opening race of the 2018 Formula One season in Australia… https://t.co/ZhQ551Frji,281
281,@CNN,0.128,Mon Mar 26 00:15:04 +0000 2018,0.12,0.737,0.143,"President Trump's approval holds steady as GOP shrinks Democrats' edge in midterms fight, Fox News poll finds… https://t.co/vEC5UV193r",282
282,@CNN,-0.6369,Mon Mar 26 00:00:04 +0000 2018,0.257,0.743,0.0,CNN commentator and former Pennsylvania GOP Sen. Rick Santorum suggests students protesting for gun control legisla… https://t.co/6e7Htsm73C,283
283,@CNN,0.0,Sun Mar 25 23:45:02 +0000 2018,0.0,1.0,0.0,US Army veteran who served two tours in Afghanistan has been deported to Mexico https://t.co/laFaJqGzs3 https://t.co/jXz9M1fL0V,284
284,@CNN,-0.4019,Sun Mar 25 23:33:06 +0000 2018,0.213,0.787,0.0,"Catalonia's ex-leader Carles Puigdemont detained in Germany, lawyer says https://t.co/dBEPhjYkHB https://t.co/GUG6UAanEu",285
285,@CNN,0.0,Sun Mar 25 23:26:08 +0000 2018,0.0,1.0,0.0,"Everything you need to know ahead of Stormy Daniels' ""60 Minutes"" interview https://t.co/c2CN8Ql4Yk https://t.co/TnRtjIjmzc",286
286,@CNN,-0.4588,Sun Mar 25 23:19:44 +0000 2018,0.12,0.88,0.0,"Porn star Stormy Daniels says on ""60 Minutes"" she was threatened in 2011 while trying to sell her story about her a… https://t.co/tdGbtLbkZk",287
287,@CNN,0.5859,Sun Mar 25 23:15:05 +0000 2018,0.0,0.673,0.327,"President Trump tweets that ""many lawyers and top law firms"" want to join his legal team https://t.co/pOzeeYBYYs https://t.co/XgBgeJb1fo",288
288,@CNN,0.6435,Sun Mar 25 23:00:11 +0000 2018,0.0,0.695,0.305,"Stormy, don't worry about violating your NDA, writes Harry Litman for @CNNOpinion https://t.co/Ycxol1JaYm https://t.co/LLAzX4FSgH",289
289,@CNN,0.0,Sun Mar 25 22:45:05 +0000 2018,0.0,1.0,0.0,Orange snow blankets parts of Russia https://t.co/EXDdbGDbSx https://t.co/pwOhPn6xKD,290
290,@CNN,-0.6369,Sun Mar 25 22:30:13 +0000 2018,0.366,0.634,0.0,Australia cricket captain Steve Smith resigns over ball-tampering scandal https://t.co/9X1PKDFlne https://t.co/HsjRwLpC1Z,291
291,@CNN,0.7964,Sun Mar 25 22:15:05 +0000 2018,0.0,0.647,0.353,Britain's Scott Brash wins first leg of Global Champions Tour in Mexico City https://t.co/zTB0S4uvFQ https://t.co/cvQjxRDSDJ,292
292,@CNN,0.0,Sun Mar 25 22:00:08 +0000 2018,0.0,1.0,0.0,"Stormy Daniels interview adds to ""60 Minutes"" legacy of big hits https://t.co/q5LxP4G2ku https://t.co/IXtljm6IP9",293
293,@CNN,-0.0772,Sun Mar 25 21:45:11 +0000 2018,0.126,0.874,0.0,Facebook's Zuckerberg says sorry in full-page newspaper ads https://t.co/uchVl0f1EI https://t.co/VkKlB7VzmQ,294
294,@CNN,0.0,Sun Mar 25 21:30:11 +0000 2018,0.0,1.0,0.0,A conservative media executive who is close with President Trump said the President told him Saturday he expects mo… https://t.co/syUiXUZP4i,295
295,@CNN,-0.0997,Sun Mar 25 21:15:04 +0000 2018,0.109,0.805,0.086,President Trump's attorney says husband-and-wife legal team Joseph diGenova and Victoria Toensing won't join legal… https://t.co/fTlnDqJ4Bf,296
296,@CNN,0.0,Sun Mar 25 21:03:28 +0000 2018,0.0,1.0,0.0,"Everything you need to know ahead of Stormy Daniels' ""60 Minutes"" interview https://t.co/9goGs0LO3J https://t.co/xJ0RDRT1GW",297
297,@CNN,0.4767,Sun Mar 25 20:45:06 +0000 2018,0.0,0.78,0.22,Monégasque racing driver Charles Leclerc impresses on debut in Australia https://t.co/lR1qvWSlYn https://t.co/KmYSAA2JVX,298
298,@CNN,-0.6124,Sun Mar 25 20:30:04 +0000 2018,0.294,0.706,0.0,Wisconsin students take gun reform fight to House Speaker Paul Ryan's hometown https://t.co/jpKPV0Lm5p https://t.co/wsP3WVHlcH,299
299,@CNN,0.1901,Sun Mar 25 20:15:19 +0000 2018,0.0,0.907,0.093,"Renaissance popes like Rodrigo Borgia made incredible cultural advancements, but at what cost? The price of progres… https://t.co/GnxJ683r5B",300
300,@FoxNews,0.0,Mon Mar 26 00:39:04 +0000 2018,0.0,1.0,0.0,Sister Jean says there must be 'limitations' to spend time with Charles Barkley https://t.co/mDVuGRGPXA,301
301,@FoxNews,-0.4019,Mon Mar 26 00:35:55 +0000 2018,0.231,0.769,0.0,Dramatic South Carolina school bus crash caught on camera https://t.co/wc8ZoUldOn,302
302,@FoxNews,0.0,Mon Mar 26 00:30:32 +0000 2018,0.0,1.0,0.0,"#MarchForOurLives DC Crowd Smaller than Organizers' Estimates, Imaging Company Says https://t.co/MuGS1KP5j9",303
303,@FoxNews,0.4215,Mon Mar 26 00:26:35 +0000 2018,0.0,0.811,0.189,"On ""@WattersWorld,"" @KellyannePolls discussed the progress President @realDonaldTrump's administration has made in… https://t.co/wYp5gsdWrp",304
304,@FoxNews,-0.5859,Mon Mar 26 00:20:29 +0000 2018,0.213,0.787,0.0,".@JudgeJeanine: ""The omnibus bill that Republicans gave President @realDonaldTrump [Friday] is a total betrayal of… https://t.co/MlIoRAV5sk",305
305,@FoxNews,0.3878,Mon Mar 26 00:10:38 +0000 2018,0.12,0.681,0.199,"Peter Navarro: ""@POTUS orchestrated one of the most brilliant tax cuts in history."" #SundayFutures @MariaBartiromo https://t.co/t5dnS05VgD",306
306,@FoxNews,-0.4588,Mon Mar 26 00:08:25 +0000 2018,0.176,0.824,0.0,Stormy Daniels Claims She Was Threatened in Parking Lot Against Revealing Alleged Trump Affair https://t.co/ZQEHS7hIhF,307
307,@FoxNews,0.0,Mon Mar 26 00:06:26 +0000 2018,0.0,1.0,0.0,"'I Went Through Hell': Former FBI Agent Says Andrew McCabe 'Targeted', 'Slandered' Her https://t.co/Sf05PC158b",308
308,@FoxNews,-0.7717,Mon Mar 26 00:00:00 +0000 2018,0.261,0.739,0.0,"TUNE IN: 'Legends &amp; Lies' Returns With a Riveting Look at The Civil War - Hosted by Brian @Kilmeade, it all starts… https://t.co/aolnYbMDYg",309
309,@FoxNews,-0.2732,Sun Mar 25 23:58:21 +0000 2018,0.226,0.645,0.129,".@cameron_kasky on school safety: ""There's no specific mental health problem that makes all these shootings happen,… https://t.co/ffFfkfWrfF",310
310,@FoxNews,-0.7096,Sun Mar 25 23:50:10 +0000 2018,0.396,0.604,0.0,"Russia shopping center fire kills at least 37, report says https://t.co/RfX1o8gE3N",311
311,@FoxNews,-0.6969,Sun Mar 25 23:38:12 +0000 2018,0.2,0.8,0.0,".@newtgingrich: ""There are five cities in America that have most of the killings in America, five cities. All five… https://t.co/YXWT7oI6ZR",312
312,@FoxNews,0.0,Sun Mar 25 23:22:35 +0000 2018,0.162,0.676,0.162,.@AmbJohnBolton responds after @timkaine questions security clearance over Russia gun video https://t.co/FBkKahPsuI,313
313,@FoxNews,0.3252,Sun Mar 25 23:16:51 +0000 2018,0.0,0.811,0.189,OPINION: This is why Trump never speaks ill of Putin https://t.co/w4JyAo4HHA,314
314,@FoxNews,0.0,Sun Mar 25 23:08:56 +0000 2018,0.0,1.0,0.0,"RT @FoxBusiness: WhatsApp co-founder, who sold his company to Facebook, just told his followers to delete it https://t.co/0I9510CSVr",315
315,@FoxNews,0.7096,Sun Mar 25 23:06:00 +0000 2018,0.076,0.583,0.341,"Rapper @KillerMike, who endorsed @BernieSanders for president, ripped supporters of the school walkouts in favor of… https://t.co/8fOlVJkH8b",316
316,@FoxNews,-0.7906,Sun Mar 25 23:03:19 +0000 2018,0.5,0.5,0.0,OPINION: Palestinian civil war causes suffering in Gaza https://t.co/lKbIyqmmDF,317
317,@FoxNews,-0.4019,Sun Mar 25 22:56:36 +0000 2018,0.114,0.886,0.0,".@KellyannePolls on spending bill: ""This is a town that not so long ago was mocking the very idea of a wall, and no… https://t.co/dpgeAaYylg",318
318,@FoxNews,-0.5267,Sun Mar 25 22:46:36 +0000 2018,0.221,0.779,0.0,Man sucker punches 5-year-old in face on New York City subway: cops https://t.co/mImKuby4BO,319
319,@FoxNews,0.0,Sun Mar 25 22:36:48 +0000 2018,0.0,1.0,0.0,"The @BlueAngels took to the sky in Kingsville, Texas for the Wings Over South Texas Air Show. #ProudAmerican https://t.co/I6NjuuPj4f",320
320,@FoxNews,0.0,Mon Mar 26 00:39:04 +0000 2018,0.0,1.0,0.0,Sister Jean says there must be 'limitations' to spend time with Charles Barkley https://t.co/mDVuGRGPXA,321
321,@FoxNews,-0.4019,Mon Mar 26 00:35:55 +0000 2018,0.231,0.769,0.0,Dramatic South Carolina school bus crash caught on camera https://t.co/wc8ZoUldOn,322
322,@FoxNews,0.0,Mon Mar 26 00:30:32 +0000 2018,0.0,1.0,0.0,"#MarchForOurLives DC Crowd Smaller than Organizers' Estimates, Imaging Company Says https://t.co/MuGS1KP5j9",323
323,@FoxNews,0.4215,Mon Mar 26 00:26:35 +0000 2018,0.0,0.811,0.189,"On ""@WattersWorld,"" @KellyannePolls discussed the progress President @realDonaldTrump's administration has made in… https://t.co/wYp5gsdWrp",324
324,@FoxNews,-0.5859,Mon Mar 26 00:20:29 +0000 2018,0.213,0.787,0.0,".@JudgeJeanine: ""The omnibus bill that Republicans gave President @realDonaldTrump [Friday] is a total betrayal of… https://t.co/MlIoRAV5sk",325
325,@FoxNews,0.3878,Mon Mar 26 00:10:38 +0000 2018,0.12,0.681,0.199,"Peter Navarro: ""@POTUS orchestrated one of the most brilliant tax cuts in history."" #SundayFutures @MariaBartiromo https://t.co/t5dnS05VgD",326
326,@FoxNews,-0.4588,Mon Mar 26 00:08:25 +0000 2018,0.176,0.824,0.0,Stormy Daniels Claims She Was Threatened in Parking Lot Against Revealing Alleged Trump Affair https://t.co/ZQEHS7hIhF,327
327,@FoxNews,0.0,Mon Mar 26 00:06:26 +0000 2018,0.0,1.0,0.0,"'I Went Through Hell': Former FBI Agent Says Andrew McCabe 'Targeted', 'Slandered' Her https://t.co/Sf05PC158b",328
328,@FoxNews,-0.7717,Mon Mar 26 00:00:00 +0000 2018,0.261,0.739,0.0,"TUNE IN: 'Legends &amp; Lies' Returns With a Riveting Look at The Civil War - Hosted by Brian @Kilmeade, it all starts… https://t.co/aolnYbMDYg",329
329,@FoxNews,-0.2732,Sun Mar 25 23:58:21 +0000 2018,0.226,0.645,0.129,".@cameron_kasky on school safety: ""There's no specific mental health problem that makes all these shootings happen,… https://t.co/ffFfkfWrfF",330
330,@FoxNews,-0.7096,Sun Mar 25 23:50:10 +0000 2018,0.396,0.604,0.0,"Russia shopping center fire kills at least 37, report says https://t.co/RfX1o8gE3N",331
331,@FoxNews,-0.6969,Sun Mar 25 23:38:12 +0000 2018,0.2,0.8,0.0,".@newtgingrich: ""There are five cities in America that have most of the killings in America, five cities. All five… https://t.co/YXWT7oI6ZR",332
332,@FoxNews,0.0,Sun Mar 25 23:22:35 +0000 2018,0.162,0.676,0.162,.@AmbJohnBolton responds after @timkaine questions security clearance over Russia gun video https://t.co/FBkKahPsuI,333
333,@FoxNews,0.3252,Sun Mar 25 23:16:51 +0000 2018,0.0,0.811,0.189,OPINION: This is why Trump never speaks ill of Putin https://t.co/w4JyAo4HHA,334
334,@FoxNews,0.0,Sun Mar 25 23:08:56 +0000 2018,0.0,1.0,0.0,"RT @FoxBusiness: WhatsApp co-founder, who sold his company to Facebook, just told his followers to delete it https://t.co/0I9510CSVr",335
335,@FoxNews,0.7096,Sun Mar 25 23:06:00 +0000 2018,0.076,0.583,0.341,"Rapper @KillerMike, who endorsed @BernieSanders for president, ripped supporters of the school walkouts in favor of… https://t.co/8fOlVJkH8b",336
336,@FoxNews,-0.7906,Sun Mar 25 23:03:19 +0000 2018,0.5,0.5,0.0,OPINION: Palestinian civil war causes suffering in Gaza https://t.co/lKbIyqmmDF,337
337,@FoxNews,-0.4019,Sun Mar 25 22:56:36 +0000 2018,0.114,0.886,0.0,".@KellyannePolls on spending bill: ""This is a town that not so long ago was mocking the very idea of a wall, and no… https://t.co/dpgeAaYylg",338
338,@FoxNews,-0.5267,Sun Mar 25 22:46:36 +0000 2018,0.221,0.779,0.0,Man sucker punches 5-year-old in face on New York City subway: cops https://t.co/mImKuby4BO,339
339,@FoxNews,0.0,Sun Mar 25 22:36:48 +0000 2018,0.0,1.0,0.0,"The @BlueAngels took to the sky in Kingsville, Texas for the Wings Over South Texas Air Show. #ProudAmerican https://t.co/I6NjuuPj4f",340
340,@FoxNews,0.0,Mon Mar 26 00:39:04 +0000 2018,0.0,1.0,0.0,Sister Jean says there must be 'limitations' to spend time with Charles Barkley https://t.co/mDVuGRGPXA,341
341,@FoxNews,-0.4019,Mon Mar 26 00:35:55 +0000 2018,0.231,0.769,0.0,Dramatic South Carolina school bus crash caught on camera https://t.co/wc8ZoUldOn,342
342,@FoxNews,0.0,Mon Mar 26 00:30:32 +0000 2018,0.0,1.0,0.0,"#MarchForOurLives DC Crowd Smaller than Organizers' Estimates, Imaging Company Says https://t.co/MuGS1KP5j9",343
343,@FoxNews,0.4215,Mon Mar 26 00:26:35 +0000 2018,0.0,0.811,0.189,"On ""@WattersWorld,"" @KellyannePolls discussed the progress President @realDonaldTrump's administration has made in… https://t.co/wYp5gsdWrp",344
344,@FoxNews,-0.5859,Mon Mar 26 00:20:29 +0000 2018,0.213,0.787,0.0,".@JudgeJeanine: ""The omnibus bill that Republicans gave President @realDonaldTrump [Friday] is a total betrayal of… https://t.co/MlIoRAV5sk",345
345,@FoxNews,0.3878,Mon Mar 26 00:10:38 +0000 2018,0.12,0.681,0.199,"Peter Navarro: ""@POTUS orchestrated one of the most brilliant tax cuts in history."" #SundayFutures @MariaBartiromo https://t.co/t5dnS05VgD",346
346,@FoxNews,-0.4588,Mon Mar 26 00:08:25 +0000 2018,0.176,0.824,0.0,Stormy Daniels Claims She Was Threatened in Parking Lot Against Revealing Alleged Trump Affair https://t.co/ZQEHS7hIhF,347
347,@FoxNews,0.0,Mon Mar 26 00:06:26 +0000 2018,0.0,1.0,0.0,"'I Went Through Hell': Former FBI Agent Says Andrew McCabe 'Targeted', 'Slandered' Her https://t.co/Sf05PC158b",348
348,@FoxNews,-0.7717,Mon Mar 26 00:00:00 +0000 2018,0.261,0.739,0.0,"TUNE IN: 'Legends &amp; Lies' Returns With a Riveting Look at The Civil War - Hosted by Brian @Kilmeade, it all starts… https://t.co/aolnYbMDYg",349
349,@FoxNews,-0.2732,Sun Mar 25 23:58:21 +0000 2018,0.226,0.645,0.129,".@cameron_kasky on school safety: ""There's no specific mental health problem that makes all these shootings happen,… https://t.co/ffFfkfWrfF",350
350,@FoxNews,-0.7096,Sun Mar 25 23:50:10 +0000 2018,0.396,0.604,0.0,"Russia shopping center fire kills at least 37, report says https://t.co/RfX1o8gE3N",351
351,@FoxNews,-0.6969,Sun Mar 25 23:38:12 +0000 2018,0.2,0.8,0.0,".@newtgingrich: ""There are five cities in America that have most of the killings in America, five cities. All five… https://t.co/YXWT7oI6ZR",352
352,@FoxNews,0.0,Sun Mar 25 23:22:35 +0000 2018,0.162,0.676,0.162,.@AmbJohnBolton responds after @timkaine questions security clearance over Russia gun video https://t.co/FBkKahPsuI,353
353,@FoxNews,0.3252,Sun Mar 25 23:16:51 +0000 2018,0.0,0.811,0.189,OPINION: This is why Trump never speaks ill of Putin https://t.co/w4JyAo4HHA,354
354,@FoxNews,0.0,Sun Mar 25 23:08:56 +0000 2018,0.0,1.0,0.0,"RT @FoxBusiness: WhatsApp co-founder, who sold his company to Facebook, just told his followers to delete it https://t.co/0I9510CSVr",355
355,@FoxNews,0.7096,Sun Mar 25 23:06:00 +0000 2018,0.076,0.583,0.341,"Rapper @KillerMike, who endorsed @BernieSanders for president, ripped supporters of the school walkouts in favor of… https://t.co/8fOlVJkH8b",356
356,@FoxNews,-0.7906,Sun Mar 25 23:03:19 +0000 2018,0.5,0.5,0.0,OPINION: Palestinian civil war causes suffering in Gaza https://t.co/lKbIyqmmDF,357
357,@FoxNews,-0.4019,Sun Mar 25 22:56:36 +0000 2018,0.114,0.886,0.0,".@KellyannePolls on spending bill: ""This is a town that not so long ago was mocking the very idea of a wall, and no… https://t.co/dpgeAaYylg",358
358,@FoxNews,-0.5267,Sun Mar 25 22:46:36 +0000 2018,0.221,0.779,0.0,Man sucker punches 5-year-old in face on New York City subway: cops https://t.co/mImKuby4BO,359
359,@FoxNews,0.0,Sun Mar 25 22:36:48 +0000 2018,0.0,1.0,0.0,"The @BlueAngels took to the sky in Kingsville, Texas for the Wings Over South Texas Air Show. #ProudAmerican https://t.co/I6NjuuPj4f",360
360,@FoxNews,0.0,Mon Mar 26 00:39:04 +0000 2018,0.0,1.0,0.0,Sister Jean says there must be 'limitations' to spend time with Charles Barkley https://t.co/mDVuGRGPXA,361
361,@FoxNews,-0.4019,Mon Mar 26 00:35:55 +0000 2018,0.231,0.769,0.0,Dramatic South Carolina school bus crash caught on camera https://t.co/wc8ZoUldOn,362
362,@FoxNews,0.0,Mon Mar 26 00:30:32 +0000 2018,0.0,1.0,0.0,"#MarchForOurLives DC Crowd Smaller than Organizers' Estimates, Imaging Company Says https://t.co/MuGS1KP5j9",363
363,@FoxNews,0.4215,Mon Mar 26 00:26:35 +0000 2018,0.0,0.811,0.189,"On ""@WattersWorld,"" @KellyannePolls discussed the progress President @realDonaldTrump's administration has made in… https://t.co/wYp5gsdWrp",364
364,@FoxNews,-0.5859,Mon Mar 26 00:20:29 +0000 2018,0.213,0.787,0.0,".@JudgeJeanine: ""The omnibus bill that Republicans gave President @realDonaldTrump [Friday] is a total betrayal of… https://t.co/MlIoRAV5sk",365
365,@FoxNews,0.3878,Mon Mar 26 00:10:38 +0000 2018,0.12,0.681,0.199,"Peter Navarro: ""@POTUS orchestrated one of the most brilliant tax cuts in history."" #SundayFutures @MariaBartiromo https://t.co/t5dnS05VgD",366
366,@FoxNews,-0.4588,Mon Mar 26 00:08:25 +0000 2018,0.176,0.824,0.0,Stormy Daniels Claims She Was Threatened in Parking Lot Against Revealing Alleged Trump Affair https://t.co/ZQEHS7hIhF,367
367,@FoxNews,0.0,Mon Mar 26 00:06:26 +0000 2018,0.0,1.0,0.0,"'I Went Through Hell': Former FBI Agent Says Andrew McCabe 'Targeted', 'Slandered' Her https://t.co/Sf05PC158b",368
368,@FoxNews,-0.7717,Mon Mar 26 00:00:00 +0000 2018,0.261,0.739,0.0,"TUNE IN: 'Legends &amp; Lies' Returns With a Riveting Look at The Civil War - Hosted by Brian @Kilmeade, it all starts… https://t.co/aolnYbMDYg",369
369,@FoxNews,-0.2732,Sun Mar 25 23:58:21 +0000 2018,0.226,0.645,0.129,".@cameron_kasky on school safety: ""There's no specific mental health problem that makes all these shootings happen,… https://t.co/ffFfkfWrfF",370
370,@FoxNews,-0.7096,Sun Mar 25 23:50:10 +0000 2018,0.396,0.604,0.0,"Russia shopping center fire kills at least 37, report says https://t.co/RfX1o8gE3N",371
371,@FoxNews,-0.6969,Sun Mar 25 23:38:12 +0000 2018,0.2,0.8,0.0,".@newtgingrich: ""There are five cities in America that have most of the killings in America, five cities. All five… https://t.co/YXWT7oI6ZR",372
372,@FoxNews,0.0,Sun Mar 25 23:22:35 +0000 2018,0.162,0.676,0.162,.@AmbJohnBolton responds after @timkaine questions security clearance over Russia gun video https://t.co/FBkKahPsuI,373
373,@FoxNews,0.3252,Sun Mar 25 23:16:51 +0000 2018,0.0,0.811,0.189,OPINION: This is why Trump never speaks ill of Putin https://t.co/w4JyAo4HHA,374
374,@FoxNews,0.0,Sun Mar 25 23:08:56 +0000 2018,0.0,1.0,0.0,"RT @FoxBusiness: WhatsApp co-founder, who sold his company to Facebook, just told his followers to delete it https://t.co/0I9510CSVr",375
375,@FoxNews,0.7096,Sun Mar 25 23:06:00 +0000 2018,0.076,0.583,0.341,"Rapper @KillerMike, who endorsed @BernieSanders for president, ripped supporters of the school walkouts in favor of… https://t.co/8fOlVJkH8b",376
376,@FoxNews,-0.7906,Sun Mar 25 23:03:19 +0000 2018,0.5,0.5,0.0,OPINION: Palestinian civil war causes suffering in Gaza https://t.co/lKbIyqmmDF,377
377,@FoxNews,-0.4019,Sun Mar 25 22:56:36 +0000 2018,0.114,0.886,0.0,".@KellyannePolls on spending bill: ""This is a town that not so long ago was mocking the very idea of a wall, and no… https://t.co/dpgeAaYylg",378
378,@FoxNews,-0.5267,Sun Mar 25 22:46:36 +0000 2018,0.221,0.779,0.0,Man sucker punches 5-year-old in face on New York City subway: cops https://t.co/mImKuby4BO,379
379,@FoxNews,0.0,Sun Mar 25 22:36:48 +0000 2018,0.0,1.0,0.0,"The @BlueAngels took to the sky in Kingsville, Texas for the Wings Over South Texas Air Show. #ProudAmerican https://t.co/I6NjuuPj4f",380
380,@FoxNews,0.0,Mon Mar 26 00:39:04 +0000 2018,0.0,1.0,0.0,Sister Jean says there must be 'limitations' to spend time with Charles Barkley https://t.co/mDVuGRGPXA,381
381,@FoxNews,-0.4019,Mon Mar 26 00:35:55 +0000 2018,0.231,0.769,0.0,Dramatic South Carolina school bus crash caught on camera https://t.co/wc8ZoUldOn,382
382,@FoxNews,0.0,Mon Mar 26 00:30:32 +0000 2018,0.0,1.0,0.0,"#MarchForOurLives DC Crowd Smaller than Organizers' Estimates, Imaging Company Says https://t.co/MuGS1KP5j9",383
383,@FoxNews,0.4215,Mon Mar 26 00:26:35 +0000 2018,0.0,0.811,0.189,"On ""@WattersWorld,"" @KellyannePolls discussed the progress President @realDonaldTrump's administration has made in… https://t.co/wYp5gsdWrp",384
384,@FoxNews,-0.5859,Mon Mar 26 00:20:29 +0000 2018,0.213,0.787,0.0,".@JudgeJeanine: ""The omnibus bill that Republicans gave President @realDonaldTrump [Friday] is a total betrayal of… https://t.co/MlIoRAV5sk",385
385,@FoxNews,0.3878,Mon Mar 26 00:10:38 +0000 2018,0.12,0.681,0.199,"Peter Navarro: ""@POTUS orchestrated one of the most brilliant tax cuts in history."" #SundayFutures @MariaBartiromo https://t.co/t5dnS05VgD",386
386,@FoxNews,-0.4588,Mon Mar 26 00:08:25 +0000 2018,0.176,0.824,0.0,Stormy Daniels Claims She Was Threatened in Parking Lot Against Revealing Alleged Trump Affair https://t.co/ZQEHS7hIhF,387
387,@FoxNews,0.0,Mon Mar 26 00:06:26 +0000 2018,0.0,1.0,0.0,"'I Went Through Hell': Former FBI Agent Says Andrew McCabe 'Targeted', 'Slandered' Her https://t.co/Sf05PC158b",388
388,@FoxNews,-0.7717,Mon Mar 26 00:00:00 +0000 2018,0.261,0.739,0.0,"TUNE IN: 'Legends &amp; Lies' Returns With a Riveting Look at The Civil War - Hosted by Brian @Kilmeade, it all starts… https://t.co/aolnYbMDYg",389
389,@FoxNews,-0.2732,Sun Mar 25 23:58:21 +0000 2018,0.226,0.645,0.129,".@cameron_kasky on school safety: ""There's no specific mental health problem that makes all these shootings happen,… https://t.co/ffFfkfWrfF",390
390,@FoxNews,-0.7096,Sun Mar 25 23:50:10 +0000 2018,0.396,0.604,0.0,"Russia shopping center fire kills at least 37, report says https://t.co/RfX1o8gE3N",391
391,@FoxNews,-0.6969,Sun Mar 25 23:38:12 +0000 2018,0.2,0.8,0.0,".@newtgingrich: ""There are five cities in America that have most of the killings in America, five cities. All five… https://t.co/YXWT7oI6ZR",392
392,@FoxNews,0.0,Sun Mar 25 23:22:35 +0000 2018,0.162,0.676,0.162,.@AmbJohnBolton responds after @timkaine questions security clearance over Russia gun video https://t.co/FBkKahPsuI,393
393,@FoxNews,0.3252,Sun Mar 25 23:16:51 +0000 2018,0.0,0.811,0.189,OPINION: This is why Trump never speaks ill of Putin https://t.co/w4JyAo4HHA,394
394,@FoxNews,0.0,Sun Mar 25 23:08:56 +0000 2018,0.0,1.0,0.0,"RT @FoxBusiness: WhatsApp co-founder, who sold his company to Facebook, just told his followers to delete it https://t.co/0I9510CSVr",395
395,@FoxNews,0.7096,Sun Mar 25 23:06:00 +0000 2018,0.076,0.583,0.341,"Rapper @KillerMike, who endorsed @BernieSanders for president, ripped supporters of the school walkouts in favor of… https://t.co/8fOlVJkH8b",396
396,@FoxNews,-0.7906,Sun Mar 25 23:03:19 +0000 2018,0.5,0.5,0.0,OPINION: Palestinian civil war causes suffering in Gaza https://t.co/lKbIyqmmDF,397
397,@FoxNews,-0.4019,Sun Mar 25 22:56:36 +0000 2018,0.114,0.886,0.0,".@KellyannePolls on spending bill: ""This is a town that not so long ago was mocking the very idea of a wall, and no… https://t.co/dpgeAaYylg",398
398,@FoxNews,-0.5267,Sun Mar 25 22:46:36 +0000 2018,0.221,0.779,0.0,Man sucker punches 5-year-old in face on New York City subway: cops https://t.co/mImKuby4BO,399
399,@FoxNews,0.0,Sun Mar 25 22:36:48 +0000 2018,0.0,1.0,0.0,"The @BlueAngels took to the sky in Kingsville, Texas for the Wings Over South Texas Air Show. #ProudAmerican https://t.co/I6NjuuPj4f",400
400,@nytimes,-0.5859,Mon Mar 26 00:30:03 +0000 2018,0.211,0.789,0.0,"RT @NYTSports: What a game. Kansas edges Duke, and we'll have a battle of No. 1s in San Antonio next weekend. 
https://t.co/uxYTcqmwBD",401
401,@nytimes,0.1901,Mon Mar 26 00:24:29 +0000 2018,0.085,0.707,0.208,"Solving the Dutch Pot Paradox: Legal to Buy, but Not to Grow https://t.co/0oWMeWd8qO",402
402,@nytimes,-0.4588,Mon Mar 26 00:17:11 +0000 2018,0.125,0.875,0.0,"Stormy Daniels told ""60 Minutes"" that a man threatened her in 2011 if she spoke of her affair with Donald Trump. He… https://t.co/1sphfyTrsX",403
403,@nytimes,-0.34,Mon Mar 26 00:12:26 +0000 2018,0.107,0.893,0.0,Video: These were the Las Vegas gunman's final movements in the days before he opened fire from his hotel suite https://t.co/rDgrTdn0n3,404
404,@nytimes,0.0,Sun Mar 25 23:58:04 +0000 2018,0.0,1.0,0.0,RT @RebeccaRuiz: The porn star who crossed into mainstream pop culture — from Judd Apatow movies to a Maroon 5 music video — and now domina…,405
405,@nytimes,0.0258,Sun Mar 25 23:54:09 +0000 2018,0.0,0.901,0.099,Kansas Edges Duke in Overtime to Reach the Final Four https://t.co/k28M2cvFvd,406
406,@nytimes,0.0,Sun Mar 25 23:33:08 +0000 2018,0.0,1.0,0.0,A geneticist at Harvard Medical School has retrieved DNA from more than 900 ancient people. His findings trace the… https://t.co/PNBtU0jvkw,407
407,@nytimes,-0.4939,Sun Mar 25 23:16:06 +0000 2018,0.211,0.789,0.0,Adult Film Star Says She Stayed Silent on Trump Out of Fear https://t.co/SoHTBxJuza,408
408,@nytimes,0.0,Sun Mar 25 23:04:54 +0000 2018,0.0,1.0,0.0,Lens: Looking at the Paralympics With a New York Times Photographer https://t.co/Djj7qMo5XO,409
409,@nytimes,-0.5267,Sun Mar 25 23:01:19 +0000 2018,0.167,0.833,0.0,Robotic fish could be essential to understanding and protecting marine life in danger of disappearing in a fragile… https://t.co/6fkHBzffb5,410
410,@nytimes,0.0,Sun Mar 25 22:45:08 +0000 2018,0.0,1.0,0.0,"RT @mattfleg: To tell the Stormy story right, we spoke to Judd Apatow, Nina Hartley, Ron Jeremy, the Penthouse Baton Rouge and a Maryland-b…",411
411,@nytimes,-0.0772,Sun Mar 25 22:33:06 +0000 2018,0.067,0.933,0.0,"Who is Stormy Daniels?

Baton Rouge classmates remember her as a serious student. She thought she might be a journa… https://t.co/PArpOaLKu4",412
412,@nytimes,0.4754,Sun Mar 25 22:29:51 +0000 2018,0.0,0.877,0.123,"Joshua Tree is one of the U.S.’s most popular parks, just 2 hours from Los Angeles. So how did one hiker simply dis… https://t.co/l49hI7mtSB",413
413,@nytimes,-0.6597,Sun Mar 25 22:15:38 +0000 2018,0.428,0.389,0.183,Trust Betrayed: Wives of White-Collar Criminals Tell Their Stories https://t.co/7X2VXWIQoA,414
414,@nytimes,0.0,Sun Mar 25 22:00:18 +0000 2018,0.0,1.0,0.0,"In Opinion,
Contributing writer Jennifer Finney Boylan writes, ""Trump’s cabinet is full of people who seem to know… https://t.co/XC7txobKnA",415
415,@nytimes,0.25,Sun Mar 25 21:52:03 +0000 2018,0.117,0.721,0.162,"“It’s a disaster,” said Cristiano Davoli, a vigilante hero in the battle against the voracious potholes that have o… https://t.co/VWyBdtv8k0",416
416,@nytimes,-0.5256,Sun Mar 25 21:45:12 +0000 2018,0.207,0.793,0.0,“Silicon Valley” returns to HBO tonight after a particularly terrible week for Silicon Valley https://t.co/MPhzTUmbcM,417
417,@nytimes,-0.1779,Sun Mar 25 21:30:11 +0000 2018,0.112,0.807,0.081,It took giant robots fighting giant monsters to finally unseat “Black Panther” at the top of the box office https://t.co/nIxC1MlXI6,418
418,@nytimes,-0.34,Sun Mar 25 21:15:03 +0000 2018,0.124,0.876,0.0,"Many Americans can buy a gun in less than an hour. In some countries, the process takes months. https://t.co/UKtjiHnOpT",419
419,@nytimes,0.3506,Sun Mar 25 21:00:15 +0000 2018,0.077,0.726,0.196,Hungary’s opposition parties could stop Viktor Orban from winning another majority — but only if they work together https://t.co/Trjb7Ggjnw,420
420,@nytimes,-0.5859,Mon Mar 26 00:30:03 +0000 2018,0.211,0.789,0.0,"RT @NYTSports: What a game. Kansas edges Duke, and we'll have a battle of No. 1s in San Antonio next weekend. 
https://t.co/uxYTcqmwBD",421
421,@nytimes,0.1901,Mon Mar 26 00:24:29 +0000 2018,0.085,0.707,0.208,"Solving the Dutch Pot Paradox: Legal to Buy, but Not to Grow https://t.co/0oWMeWd8qO",422
422,@nytimes,-0.4588,Mon Mar 26 00:17:11 +0000 2018,0.125,0.875,0.0,"Stormy Daniels told ""60 Minutes"" that a man threatened her in 2011 if she spoke of her affair with Donald Trump. He… https://t.co/1sphfyTrsX",423
423,@nytimes,-0.34,Mon Mar 26 00:12:26 +0000 2018,0.107,0.893,0.0,Video: These were the Las Vegas gunman's final movements in the days before he opened fire from his hotel suite https://t.co/rDgrTdn0n3,424
424,@nytimes,0.0,Sun Mar 25 23:58:04 +0000 2018,0.0,1.0,0.0,RT @RebeccaRuiz: The porn star who crossed into mainstream pop culture — from Judd Apatow movies to a Maroon 5 music video — and now domina…,425
425,@nytimes,0.0258,Sun Mar 25 23:54:09 +0000 2018,0.0,0.901,0.099,Kansas Edges Duke in Overtime to Reach the Final Four https://t.co/k28M2cvFvd,426
426,@nytimes,0.0,Sun Mar 25 23:33:08 +0000 2018,0.0,1.0,0.0,A geneticist at Harvard Medical School has retrieved DNA from more than 900 ancient people. His findings trace the… https://t.co/PNBtU0jvkw,427
427,@nytimes,-0.4939,Sun Mar 25 23:16:06 +0000 2018,0.211,0.789,0.0,Adult Film Star Says She Stayed Silent on Trump Out of Fear https://t.co/SoHTBxJuza,428
428,@nytimes,0.0,Sun Mar 25 23:04:54 +0000 2018,0.0,1.0,0.0,Lens: Looking at the Paralympics With a New York Times Photographer https://t.co/Djj7qMo5XO,429
429,@nytimes,-0.5267,Sun Mar 25 23:01:19 +0000 2018,0.167,0.833,0.0,Robotic fish could be essential to understanding and protecting marine life in danger of disappearing in a fragile… https://t.co/6fkHBzffb5,430
430,@nytimes,0.0,Sun Mar 25 22:45:08 +0000 2018,0.0,1.0,0.0,"RT @mattfleg: To tell the Stormy story right, we spoke to Judd Apatow, Nina Hartley, Ron Jeremy, the Penthouse Baton Rouge and a Maryland-b…",431
431,@nytimes,-0.0772,Sun Mar 25 22:33:06 +0000 2018,0.067,0.933,0.0,"Who is Stormy Daniels?

Baton Rouge classmates remember her as a serious student. She thought she might be a journa… https://t.co/PArpOaLKu4",432
432,@nytimes,0.4754,Sun Mar 25 22:29:51 +0000 2018,0.0,0.877,0.123,"Joshua Tree is one of the U.S.’s most popular parks, just 2 hours from Los Angeles. So how did one hiker simply dis… https://t.co/l49hI7mtSB",433
433,@nytimes,-0.6597,Sun Mar 25 22:15:38 +0000 2018,0.428,0.389,0.183,Trust Betrayed: Wives of White-Collar Criminals Tell Their Stories https://t.co/7X2VXWIQoA,434
434,@nytimes,0.0,Sun Mar 25 22:00:18 +0000 2018,0.0,1.0,0.0,"In Opinion,
Contributing writer Jennifer Finney Boylan writes, ""Trump’s cabinet is full of people who seem to know… https://t.co/XC7txobKnA",435
435,@nytimes,0.25,Sun Mar 25 21:52:03 +0000 2018,0.117,0.721,0.162,"“It’s a disaster,” said Cristiano Davoli, a vigilante hero in the battle against the voracious potholes that have o… https://t.co/VWyBdtv8k0",436
436,@nytimes,-0.5256,Sun Mar 25 21:45:12 +0000 2018,0.207,0.793,0.0,“Silicon Valley” returns to HBO tonight after a particularly terrible week for Silicon Valley https://t.co/MPhzTUmbcM,437
437,@nytimes,-0.1779,Sun Mar 25 21:30:11 +0000 2018,0.112,0.807,0.081,It took giant robots fighting giant monsters to finally unseat “Black Panther” at the top of the box office https://t.co/nIxC1MlXI6,438
438,@nytimes,-0.34,Sun Mar 25 21:15:03 +0000 2018,0.124,0.876,0.0,"Many Americans can buy a gun in less than an hour. In some countries, the process takes months. https://t.co/UKtjiHnOpT",439
439,@nytimes,0.3506,Sun Mar 25 21:00:15 +0000 2018,0.077,0.726,0.196,Hungary’s opposition parties could stop Viktor Orban from winning another majority — but only if they work together https://t.co/Trjb7Ggjnw,440
440,@nytimes,-0.5859,Mon Mar 26 00:30:03 +0000 2018,0.211,0.789,0.0,"RT @NYTSports: What a game. Kansas edges Duke, and we'll have a battle of No. 1s in San Antonio next weekend. 
https://t.co/uxYTcqmwBD",441
441,@nytimes,0.1901,Mon Mar 26 00:24:29 +0000 2018,0.085,0.707,0.208,"Solving the Dutch Pot Paradox: Legal to Buy, but Not to Grow https://t.co/0oWMeWd8qO",442
442,@nytimes,-0.4588,Mon Mar 26 00:17:11 +0000 2018,0.125,0.875,0.0,"Stormy Daniels told ""60 Minutes"" that a man threatened her in 2011 if she spoke of her affair with Donald Trump. He… https://t.co/1sphfyTrsX",443
443,@nytimes,-0.34,Mon Mar 26 00:12:26 +0000 2018,0.107,0.893,0.0,Video: These were the Las Vegas gunman's final movements in the days before he opened fire from his hotel suite https://t.co/rDgrTdn0n3,444
444,@nytimes,0.0,Sun Mar 25 23:58:04 +0000 2018,0.0,1.0,0.0,RT @RebeccaRuiz: The porn star who crossed into mainstream pop culture — from Judd Apatow movies to a Maroon 5 music video — and now domina…,445
445,@nytimes,0.0258,Sun Mar 25 23:54:09 +0000 2018,0.0,0.901,0.099,Kansas Edges Duke in Overtime to Reach the Final Four https://t.co/k28M2cvFvd,446
446,@nytimes,0.0,Sun Mar 25 23:33:08 +0000 2018,0.0,1.0,0.0,A geneticist at Harvard Medical School has retrieved DNA from more than 900 ancient people. His findings trace the… https://t.co/PNBtU0jvkw,447
447,@nytimes,-0.4939,Sun Mar 25 23:16:06 +0000 2018,0.211,0.789,0.0,Adult Film Star Says She Stayed Silent on Trump Out of Fear https://t.co/SoHTBxJuza,448
448,@nytimes,0.0,Sun Mar 25 23:04:54 +0000 2018,0.0,1.0,0.0,Lens: Looking at the Paralympics With a New York Times Photographer https://t.co/Djj7qMo5XO,449
449,@nytimes,-0.5267,Sun Mar 25 23:01:19 +0000 2018,0.167,0.833,0.0,Robotic fish could be essential to understanding and protecting marine life in danger of disappearing in a fragile… https://t.co/6fkHBzffb5,450
450,@nytimes,0.0,Sun Mar 25 22:45:08 +0000 2018,0.0,1.0,0.0,"RT @mattfleg: To tell the Stormy story right, we spoke to Judd Apatow, Nina Hartley, Ron Jeremy, the Penthouse Baton Rouge and a Maryland-b…",451
451,@nytimes,-0.0772,Sun Mar 25 22:33:06 +0000 2018,0.067,0.933,0.0,"Who is Stormy Daniels?

Baton Rouge classmates remember her as a serious student. She thought she might be a journa… https://t.co/PArpOaLKu4",452
452,@nytimes,0.4754,Sun Mar 25 22:29:51 +0000 2018,0.0,0.877,0.123,"Joshua Tree is one of the U.S.’s most popular parks, just 2 hours from Los Angeles. So how did one hiker simply dis… https://t.co/l49hI7mtSB",453
453,@nytimes,-0.6597,Sun Mar 25 22:15:38 +0000 2018,0.428,0.389,0.183,Trust Betrayed: Wives of White-Collar Criminals Tell Their Stories https://t.co/7X2VXWIQoA,454
454,@nytimes,0.0,Sun Mar 25 22:00:18 +0000 2018,0.0,1.0,0.0,"In Opinion,
Contributing writer Jennifer Finney Boylan writes, ""Trump’s cabinet is full of people who seem to know… https://t.co/XC7txobKnA",455
455,@nytimes,0.25,Sun Mar 25 21:52:03 +0000 2018,0.117,0.721,0.162,"“It’s a disaster,” said Cristiano Davoli, a vigilante hero in the battle against the voracious potholes that have o… https://t.co/VWyBdtv8k0",456
456,@nytimes,-0.5256,Sun Mar 25 21:45:12 +0000 2018,0.207,0.793,0.0,“Silicon Valley” returns to HBO tonight after a particularly terrible week for Silicon Valley https://t.co/MPhzTUmbcM,457
457,@nytimes,-0.1779,Sun Mar 25 21:30:11 +0000 2018,0.112,0.807,0.081,It took giant robots fighting giant monsters to finally unseat “Black Panther” at the top of the box office https://t.co/nIxC1MlXI6,458
458,@nytimes,-0.34,Sun Mar 25 21:15:03 +0000 2018,0.124,0.876,0.0,"Many Americans can buy a gun in less than an hour. In some countries, the process takes months. https://t.co/UKtjiHnOpT",459
459,@nytimes,0.3506,Sun Mar 25 21:00:15 +0000 2018,0.077,0.726,0.196,Hungary’s opposition parties could stop Viktor Orban from winning another majority — but only if they work together https://t.co/Trjb7Ggjnw,460
460,@nytimes,-0.5859,Mon Mar 26 00:30:03 +0000 2018,0.211,0.789,0.0,"RT @NYTSports: What a game. Kansas edges Duke, and we'll have a battle of No. 1s in San Antonio next weekend. 
https://t.co/uxYTcqmwBD",461
461,@nytimes,0.1901,Mon Mar 26 00:24:29 +0000 2018,0.085,0.707,0.208,"Solving the Dutch Pot Paradox: Legal to Buy, but Not to Grow https://t.co/0oWMeWd8qO",462
462,@nytimes,-0.4588,Mon Mar 26 00:17:11 +0000 2018,0.125,0.875,0.0,"Stormy Daniels told ""60 Minutes"" that a man threatened her in 2011 if she spoke of her affair with Donald Trump. He… https://t.co/1sphfyTrsX",463
463,@nytimes,-0.34,Mon Mar 26 00:12:26 +0000 2018,0.107,0.893,0.0,Video: These were the Las Vegas gunman's final movements in the days before he opened fire from his hotel suite https://t.co/rDgrTdn0n3,464
464,@nytimes,0.0,Sun Mar 25 23:58:04 +0000 2018,0.0,1.0,0.0,RT @RebeccaRuiz: The porn star who crossed into mainstream pop culture — from Judd Apatow movies to a Maroon 5 music video — and now domina…,465
465,@nytimes,0.0258,Sun Mar 25 23:54:09 +0000 2018,0.0,0.901,0.099,Kansas Edges Duke in Overtime to Reach the Final Four https://t.co/k28M2cvFvd,466
466,@nytimes,0.0,Sun Mar 25 23:33:08 +0000 2018,0.0,1.0,0.0,A geneticist at Harvard Medical School has retrieved DNA from more than 900 ancient people. His findings trace the… https://t.co/PNBtU0jvkw,467
467,@nytimes,-0.4939,Sun Mar 25 23:16:06 +0000 2018,0.211,0.789,0.0,Adult Film Star Says She Stayed Silent on Trump Out of Fear https://t.co/SoHTBxJuza,468
468,@nytimes,0.0,Sun Mar 25 23:04:54 +0000 2018,0.0,1.0,0.0,Lens: Looking at the Paralympics With a New York Times Photographer https://t.co/Djj7qMo5XO,469
469,@nytimes,-0.5267,Sun Mar 25 23:01:19 +0000 2018,0.167,0.833,0.0,Robotic fish could be essential to understanding and protecting marine life in danger of disappearing in a fragile… https://t.co/6fkHBzffb5,470
470,@nytimes,0.0,Sun Mar 25 22:45:08 +0000 2018,0.0,1.0,0.0,"RT @mattfleg: To tell the Stormy story right, we spoke to Judd Apatow, Nina Hartley, Ron Jeremy, the Penthouse Baton Rouge and a Maryland-b…",471
471,@nytimes,-0.0772,Sun Mar 25 22:33:06 +0000 2018,0.067,0.933,0.0,"Who is Stormy Daniels?

Baton Rouge classmates remember her as a serious student. She thought she might be a journa… https://t.co/PArpOaLKu4",472
472,@nytimes,0.4754,Sun Mar 25 22:29:51 +0000 2018,0.0,0.877,0.123,"Joshua Tree is one of the U.S.’s most popular parks, just 2 hours from Los Angeles. So how did one hiker simply dis… https://t.co/l49hI7mtSB",473
473,@nytimes,-0.6597,Sun Mar 25 22:15:38 +0000 2018,0.428,0.389,0.183,Trust Betrayed: Wives of White-Collar Criminals Tell Their Stories https://t.co/7X2VXWIQoA,474
474,@nytimes,0.0,Sun Mar 25 22:00:18 +0000 2018,0.0,1.0,0.0,"In Opinion,
Contributing writer Jennifer Finney Boylan writes, ""Trump’s cabinet is full of people who seem to know… https://t.co/XC7txobKnA",475
475,@nytimes,0.25,Sun Mar 25 21:52:03 +0000 2018,0.117,0.721,0.162,"“It’s a disaster,” said Cristiano Davoli, a vigilante hero in the battle against the voracious potholes that have o… https://t.co/VWyBdtv8k0",476
476,@nytimes,-0.5256,Sun Mar 25 21:45:12 +0000 2018,0.207,0.793,0.0,“Silicon Valley” returns to HBO tonight after a particularly terrible week for Silicon Valley https://t.co/MPhzTUmbcM,477
477,@nytimes,-0.1779,Sun Mar 25 21:30:11 +0000 2018,0.112,0.807,0.081,It took giant robots fighting giant monsters to finally unseat “Black Panther” at the top of the box office https://t.co/nIxC1MlXI6,478
478,@nytimes,-0.34,Sun Mar 25 21:15:03 +0000 2018,0.124,0.876,0.0,"Many Americans can buy a gun in less than an hour. In some countries, the process takes months. https://t.co/UKtjiHnOpT",479
479,@nytimes,0.3506,Sun Mar 25 21:00:15 +0000 2018,0.077,0.726,0.196,Hungary’s opposition parties could stop Viktor Orban from winning another majority — but only if they work together https://t.co/Trjb7Ggjnw,480
480,@nytimes,-0.5859,Mon Mar 26 00:30:03 +0000 2018,0.211,0.789,0.0,"RT @NYTSports: What a game. Kansas edges Duke, and we'll have a battle of No. 1s in San Antonio next weekend. 
https://t.co/uxYTcqmwBD",481
481,@nytimes,0.1901,Mon Mar 26 00:24:29 +0000 2018,0.085,0.707,0.208,"Solving the Dutch Pot Paradox: Legal to Buy, but Not to Grow https://t.co/0oWMeWd8qO",482
482,@nytimes,-0.4588,Mon Mar 26 00:17:11 +0000 2018,0.125,0.875,0.0,"Stormy Daniels told ""60 Minutes"" that a man threatened her in 2011 if she spoke of her affair with Donald Trump. He… https://t.co/1sphfyTrsX",483
483,@nytimes,-0.34,Mon Mar 26 00:12:26 +0000 2018,0.107,0.893,0.0,Video: These were the Las Vegas gunman's final movements in the days before he opened fire from his hotel suite https://t.co/rDgrTdn0n3,484
484,@nytimes,0.0,Sun Mar 25 23:58:04 +0000 2018,0.0,1.0,0.0,RT @RebeccaRuiz: The porn star who crossed into mainstream pop culture — from Judd Apatow movies to a Maroon 5 music video — and now domina…,485
485,@nytimes,0.0258,Sun Mar 25 23:54:09 +0000 2018,0.0,0.901,0.099,Kansas Edges Duke in Overtime to Reach the Final Four https://t.co/k28M2cvFvd,486
486,@nytimes,0.0,Sun Mar 25 23:33:08 +0000 2018,0.0,1.0,0.0,A geneticist at Harvard Medical School has retrieved DNA from more than 900 ancient people. His findings trace the… https://t.co/PNBtU0jvkw,487
487,@nytimes,-0.4939,Sun Mar 25 23:16:06 +0000 2018,0.211,0.789,0.0,Adult Film Star Says She Stayed Silent on Trump Out of Fear https://t.co/SoHTBxJuza,488
488,@nytimes,0.0,Sun Mar 25 23:04:54 +0000 2018,0.0,1.0,0.0,Lens: Looking at the Paralympics With a New York Times Photographer https://t.co/Djj7qMo5XO,489
489,@nytimes,-0.5267,Sun Mar 25 23:01:19 +0000 2018,0.167,0.833,0.0,Robotic fish could be essential to understanding and protecting marine life in danger of disappearing in a fragile… https://t.co/6fkHBzffb5,490
490,@nytimes,0.0,Sun Mar 25 22:45:08 +0000 2018,0.0,1.0,0.0,"RT @mattfleg: To tell the Stormy story right, we spoke to Judd Apatow, Nina Hartley, Ron Jeremy, the Penthouse Baton Rouge and a Maryland-b…",491
491,@nytimes,-0.0772,Sun Mar 25 22:33:06 +0000 2018,0.067,0.933,0.0,"Who is Stormy Daniels?

Baton Rouge classmates remember her as a serious student. She thought she might be a journa… https://t.co/PArpOaLKu4",492
492,@nytimes,0.4754,Sun Mar 25 22:29:51 +0000 2018,0.0,0.877,0.123,"Joshua Tree is one of the U.S.’s most popular parks, just 2 hours from Los Angeles. So how did one hiker simply dis… https://t.co/l49hI7mtSB",493
493,@nytimes,-0.6597,Sun Mar 25 22:15:38 +0000 2018,0.428,0.389,0.183,Trust Betrayed: Wives of White-Collar Criminals Tell Their Stories https://t.co/7X2VXWIQoA,494
494,@nytimes,0.0,Sun Mar 25 22:00:18 +0000 2018,0.0,1.0,0.0,"In Opinion,
Contributing writer Jennifer Finney Boylan writes, ""Trump’s cabinet is full of people who seem to know… https://t.co/XC7txobKnA",495
495,@nytimes,0.25,Sun Mar 25 21:52:03 +0000 2018,0.117,0.721,0.162,"“It’s a disaster,” said Cristiano Davoli, a vigilante hero in the battle against the voracious potholes that have o… https://t.co/VWyBdtv8k0",496
496,@nytimes,-0.5256,Sun Mar 25 21:45:12 +0000 2018,0.207,0.793,0.0,“Silicon Valley” returns to HBO tonight after a particularly terrible week for Silicon Valley https://t.co/MPhzTUmbcM,497
497,@nytimes,-0.1779,Sun Mar 25 21:30:11 +0000 2018,0.112,0.807,0.081,It took giant robots fighting giant monsters to finally unseat “Black Panther” at the top of the box office https://t.co/nIxC1MlXI6,498
498,@nytimes,-0.34,Sun Mar 25 21:15:03 +0000 2018,0.124,0.876,0.0,"Many Americans can buy a gun in less than an hour. In some countries, the process takes months. https://t.co/UKtjiHnOpT",499
499,@nytimes,0.3506,Sun Mar 25 21:00:15 +0000 2018,0.077,0.726,0.196,Hungary’s opposition parties could stop Viktor Orban from winning another majority — but only if they work together https://t.co/Trjb7Ggjnw,500
